t_s,ax,ay,az,a_abs,sta_lta_quiet,location_id
0.039333699,0.000549999997,0.000132000001,0.05749699846,0.05749978048,False,barak_umium
0.049358622,0.0006419999991,0.0002189999941,0.06239200011,0.06239568737,False,barak_umium
0.059383267,0.000549999997,0.000218000001,0.06225299835,0.06225580959,False,barak_umium
0.069408142,-0.0006130000111,-0.005646000151,0.07188399881,0.07210799104,False,barak_umium
0.079433065,0.0002079999977,-0.00534800021,0.07421299815,0.07440573543,False,barak_umium
0.089457964,-0.007819999941,-0.002998000011,0.0766479969,0.07710418816,False,barak_umium
0.099482852,-0.007884999737,-0.001020999975,0.0671209991,0.06759026692,False,barak_umium
0.109507775,-0.006134999916,-0.007637000177,0.06713499874,0.06784592877,False,barak_umium
0.119532592,-0.002039999934,-0.0003999999899,0.06001799926,0.060053991,False,barak_umium
0.12955759,-0.01943100058,-0.006806000136,0.07194299996,0.07483101405,False,barak_umium
0.139582497,-0.0200759992,-0.006153999828,0.06719700247,0.07040138208,False,barak_umium
0.14960742,-0.02252399921,-0.001402999973,0.06964399666,0.07320918808,False,barak_umium
0.159632237,-0.008790999651,-0.002791000064,0.04562800005,0.04655089414,False,barak_umium
0.169657119,-0.01888499968,-0.00255799992,0.06006399915,0.06301484404,False,barak_umium
0.179682009,-0.02132900059,-0.01676199958,0.05532599986,0.06161864293,False,barak_umium
0.189706932,-0.02099799924,0.001080999966,0.05523800105,0.0591043255,False,barak_umium
0.199731836,-0.006517999806,-0.003446999937,0.05036799982,0.05090482822,False,barak_umium
0.209756739,-0.007433000021,-0.01075800043,0.06239699945,0.0637524086,False,barak_umium
0.219781629,0.003029000014,0.0001630000042,0.06471399963,0.06478505351,False,barak_umium
0.229806324,0.004420000128,-0.004164000042,0.06225499883,0.06255046105,False,barak_umium
0.239831447,0.002035999903,0.0006709999871,0.06232799962,0.06236485447,False,barak_umium
0.249856141,-0.009619000368,-0.008910000324,0.05274700001,0.05435217828,False,barak_umium
0.259880951,-0.002241000067,-0.001746000024,0.05753200129,0.05760209865,False,barak_umium
0.269905869,-0.001376,0.0002969999914,0.06464300305,0.06465832837,False,barak_umium
0.279930792,0.01087599993,-0.004499999806,0.04787899926,0.04930452254,False,barak_umium
0.289955729,0.009320000187,-0.005107999779,0.06708099693,0.06791770178,False,barak_umium
0.299980658,-0.00234399992,-0.009897000156,0.06946899742,0.07020959016,False,barak_umium
0.310005673,0.0004680000129,-0.00684799999,0.05029400066,0.05076022685,False,barak_umium
0.320030516,-0.00390599994,0.009875000454,0.06465499848,0.06552130415,False,barak_umium
0.330055208,0.0005450000172,0.002301000059,0.07662499696,0.07666147524,False,barak_umium
0.340080124,-0.001538999961,0.004658999853,0.06225600094,0.06244905486,False,barak_umium
0.350105047,0.002985999919,0.001524999971,0.05979299918,0.05988693156,False,barak_umium
0.360129965,0.008054999635,0.001713000005,0.07175900042,0.07222999051,False,barak_umium
0.370154888,0.001276999945,-0.002988999942,0.0597830005,0.05987129528,False,barak_umium
0.380179812,0.001235999982,0.0006150000263,0.06463100016,0.06464574311,False,barak_umium
0.39020474,-0.0004740000004,0.002776999958,0.05508200079,0.05515399547,False,barak_umium
0.400229653,-0.007337999996,0.002754000016,0.06704899669,0.06750554582,False,barak_umium
0.410254788,-0.0002130000066,0.004825000186,0.07661800086,0.07677007263,False,barak_umium
0.420279467,-0.002308000112,-0.002373999916,0.0646449998,0.06472973613,False,barak_umium
0.430304384,-0.004387999885,-0.00477299979,0.05027800053,0.05069431337,False,barak_umium
0.440329331,-0.007131999824,-0.005001000129,0.0621769987,0.06278419062,False,barak_umium
0.450354249,0.002848000033,0.004556000233,0.06217499822,0.06240671956,False,barak_umium
0.460379172,0.007923999801,0.009310999885,0.05498800054,0.0563308503,False,barak_umium
0.470404076,0.009727999568,0.008752999827,0.05983800068,0.06125222696,False,barak_umium
0.480429,0.002740999917,0.001551000052,0.05265099928,0.05274510789,False,barak_umium
0.490453928,0.0007510000141,0.001637000008,0.05982900038,0.05985610292,False,barak_umium
0.500478761,0.01060899999,0.001615999965,0.06461299956,0.06549810721,False,barak_umium
0.510503682,0.003435000079,-0.0006559999892,0.05031299964,0.05043438801,False,barak_umium
0.520528376,-0.003439999884,0.01117299963,0.04791200161,0.049317638,False,barak_umium
0.530553514,0.002725000028,0.01307099964,0.05512899905,0.05672286306,False,barak_umium
0.540578434,-0.006533000153,-0.003696999978,0.06230600178,0.06275655948,False,barak_umium
0.550603127,0.0008640000015,-0.005539000034,0.05271000043,0.05300727462,False,barak_umium
0.560628292,-0.01068400033,0.006508000195,0.06467200071,0.0658708555,False,barak_umium
0.570653213,-0.003683000105,0.002559999935,0.04307200015,0.04330491065,False,barak_umium
0.580678131,0.001508999965,0.002541000023,0.04306700081,0.0431682791,False,barak_umium
0.590702833,0.01355300006,0.005013999995,0.06700800359,0.06854849781,False,barak_umium
0.600727754,0.002040999942,0.0007190000033,0.05496799946,0.05501057722,False,barak_umium
0.610752908,0.007220000029,0.005580999888,0.0501740016,0.05099712146,False,barak_umium
0.620777616,0.004708999768,0.001272000023,0.06221099943,0.06240193196,False,barak_umium
0.630802537,0.009778999723,0.003745999886,0.04544899985,0.04663982138,False,barak_umium
0.64082746,0.005394999869,-0.0009549999959,0.03826300055,0.03865326971,False,barak_umium
0.650852384,0.005958999973,0.002785000019,0.05269600078,0.05310493767,False,barak_umium
0.660877312,-0.00819400046,-0.006692999974,0.06466899812,0.06552875102,False,barak_umium
0.670902206,-0.001263999962,0.003428000025,0.0574680008,0.05758402553,False,barak_umium
0.680927129,0.001532000024,-0.006041000132,0.05985600129,0.0601795779,False,barak_umium
0.690952052,0.006045999937,-0.005202999804,0.05030699819,0.05093544335,False,barak_umium
0.700976975,-0.01040000003,-0.01238899957,0.06227299944,0.0643395195,False,barak_umium
0.711001898,-0.0003420000139,0.0007399999886,0.05514800176,0.05515402671,False,barak_umium
0.721026816,-0.007110999897,0.01517399959,0.05274799839,0.05534589341,False,barak_umium
0.731051739,-0.01110900007,0.003462000052,0.04788900167,0.04928236812,False,barak_umium
0.741076668,-0.005903999787,-0.008406000212,0.05746100098,0.0583719512,False,barak_umium
0.751101592,-0.0007110000006,0.003439999884,0.05745799839,0.05756527338,False,barak_umium
0.761126506,-0.002203000011,-0.0002870000026,0.04541400075,0.04546830811,False,barak_umium
0.771151352,0.02201900072,-0.002592999954,0.05259700119,0.05707893286,False,barak_umium
0.78117637,0.007459999993,0.001178000006,0.05505599827,0.05557159552,False,barak_umium
0.791201305,0.01721699908,0.01551199984,0.05026499927,0.05534995346,False,barak_umium
0.801226228,0.002566999989,-0.003507999936,0.06224400178,0.06239560329,False,barak_umium
0.811251142,0.01003499981,0.008535999805,0.05505700037,0.05661128689,False,barak_umium
0.821276069,0.002492000116,0.003715000115,0.05509899929,0.05528029498,False,barak_umium
0.831300992,0.007563000079,0.003686999902,0.06467200071,0.06521702702,False,barak_umium
0.84132591,0.000623000029,1.899999916e-05,0.04065600038,0.04066077787,False,barak_umium
0.851350833,0.01047999971,0.002391000045,0.05023000017,0.05136730664,False,barak_umium
0.861375723,-0.001333000022,-0.0007249999908,0.04551399872,0.04553928626,False,barak_umium
0.871400646,-0.005812999792,-0.01269599982,0.05269499868,0.05451368878,False,barak_umium
0.881425559,-0.0005670000101,0.003688999917,0.04311399907,0.04327524841,False,barak_umium
0.891450496,0.01168799959,-0.008286999539,0.06466100365,0.06622936727,False,barak_umium
0.901475429,0.0006159999757,0.0002760000061,0.04783700034,0.04784176244,False,barak_umium
0.911500357,0.005809000228,0.0002589999931,0.05980399996,0.06008602147,False,barak_umium
0.921525261,0.00370900007,-0.009421999566,0.06219499931,0.06301387701,False,barak_umium
0.931550184,0.002448000014,-0.002710999921,0.04065499827,0.04081875928,False,barak_umium
0.941575097,-0.002038999926,-0.0002300000051,0.04304499924,0.04309387869,False,barak_umium
0.95160002,0.000653999974,0.004643999971,0.05261800066,0.05282658843,False,barak_umium
0.961624943,-0.003815999953,-0.002546000062,0.05501100048,0.0552019397,False,barak_umium
0.971649866,0.001986999996,-0.0006479999865,0.04786799848,0.04791360299,False,barak_umium
0.981674784,-0.0001049999992,0.01138900034,0.05983699858,0.06091130234,False,barak_umium
0.991699717,0.0009399999981,0.0002419999946,0.05976700038,0.05977488183,False,barak_umium
1.00172464,0.008403000422,0.002716999967,0.05736900121,0.05804476552,False,barak_umium
1.011749543,0.008032999933,0.001383999945,0.06222400069,0.06275564362,False,barak_umium
1.021774697,0.005923000164,0.003748999909,0.05025200173,0.05073855151,False,barak_umium
1.031799391,0.003307000035,-0.000171000007,0.04792400077,0.04803826954,False,barak_umium
1.041824308,0.006091000047,0.004585000221,0.0646789968,0.06512676206,False,barak_umium
1.051849231,-0.007943999954,0.003942999989,0.04306999967,0.04397361999,False,barak_umium
1.061874385,-0.00284500001,0.006405999884,0.05504100025,0.05548551674,False,barak_umium
1.07189907,0.001060000039,-0.0005929999752,0.04545399919,0.04547022423,False,barak_umium
1.081924024,0.006027000025,-0.002889999887,0.04066399857,0.04120967858,False,barak_umium
1.091949178,0.0009740000241,-0.0004149999877,0.05263499916,0.05264564595,False,barak_umium
1.101974113,0.0132269999,-0.005109999795,0.05023299903,0.05219597509,False,barak_umium
1.111999031,0.01549299993,0.003060000017,0.04790800065,0.05044376248,False,barak_umium
1.122023944,0.001530000009,-0.006409999914,0.03832700104,0.03888943311,False,barak_umium
1.132048636,0.0002160000004,-0.005791000091,0.05505799875,0.05536213114,False,barak_umium
1.142073774,0.007792000193,0.01093200035,0.03350900114,0.03609815862,False,barak_umium
1.152098699,0.001490000053,0.003371000057,0.04790399969,0.04804557136,False,barak_umium
1.162123618,-0.005485999864,-0.01099599991,0.05987299979,0.06112106275,False,barak_umium
1.17214856,0.006436000112,0.00148700003,0.04797999933,0.04843256758,False,barak_umium
1.182173582,-0.007610000204,0.003959000111,0.04558100179,0.04638117624,False,barak_umium
1.192198449,-0.001811999944,0.0005910000182,0.0455069989,0.04554689422,False,barak_umium
1.202223375,0.005547000095,-0.001812999952,0.05508299917,0.05539127166,False,barak_umium
1.212248293,0.005619999953,-0.001606000005,0.04556300119,0.04593637679,False,barak_umium
1.222273307,-0.00136600004,0.0007680000272,0.05274499953,0.05276827414,False,barak_umium
1.232298131,-0.001065999968,0.0007500000065,0.04795400053,0.04797171065,False,barak_umium
1.242323052,-0.005535000004,-0.001657000044,0.04076899961,0.04117636705,False,barak_umium
1.252348051,0.004339999985,0.003111999948,0.05512899905,0.05538706239,False,barak_umium
1.262372976,-0.002541000023,-0.001693999977,0.01921300031,0.01945419487,False,barak_umium
1.272397929,0.00265099993,0.000681000005,0.03596799821,0.03607198992,False,barak_umium
1.282422852,0.005150999874,-0.005125000142,0.04797099903,0.04851819426,False,barak_umium
1.292447804,-0.01597500034,0.01170899998,0.05275399983,0.05634967448,False,barak_umium
1.302472713,-0.005570000038,-0.00105099997,0.04788300022,0.04821733311,False,barak_umium
1.312497607,0.004290999845,-0.003344000084,0.05506300181,0.05533108696,False,barak_umium
1.322522534,-9.10000017e-05,-0.0008640000015,0.04308800027,0.04309675793,False,barak_umium
1.332547453,0.0002079999977,0.004009000026,0.05266200006,0.05281478577,False,barak_umium
1.342572619,-0.006635999773,0.00349100004,0.05260499939,0.0531367061,False,barak_umium
1.352597544,0.003239999991,0.003576999996,0.04541999847,0.04567569145,False,barak_umium
1.362622481,0.008309000172,-0.001226000022,0.0621769987,0.06274170645,False,barak_umium
1.372647404,0.007360000163,0.00569400005,0.03829700127,0.0394113124,False,barak_umium
1.382672327,-0.009085999802,0.01294799987,0.04547699913,0.04814938778,False,barak_umium
1.392697242,-0.003996999934,0.001062000054,0.03110899962,0.03138269763,False,barak_umium
1.402722165,0.003379999893,0.003438000102,0.05744199827,0.05764397115,False,barak_umium
1.412747068,0.003783999942,-0.001158999978,0.0526489988,0.05279752845,False,barak_umium
1.422771982,0.001139000058,-0.0005089999759,0.04305600002,0.04307407039,False,barak_umium
1.43279698,0.001542999991,-0.01487299986,0.05741599947,0.05933113828,False,barak_umium
1.44282191,0.001042000018,-0.0005750000128,0.03826899827,0.03828749949,False,barak_umium
1.452846833,-0.001051999978,-0.002985999919,0.05262700096,0.05272214079,False,barak_umium
1.462871727,0.004025000148,-0.005276999902,0.04783700034,0.04829519599,False,barak_umium
1.472896689,0.007757999934,-0.005315999966,0.03351199999,0.03480661664,False,barak_umium
1.482921612,0.003370000049,0.01140400022,0.05266200006,0.0539879095,False,barak_umium
1.492946507,-0.001117000007,0.00180800003,0.0526590012,0.05270186866,False,barak_umium
1.50297143,-0.004939999897,-0.0001900000061,0.0549819991,0.05520380353,False,barak_umium
1.512996343,0.0002530000056,0.004683000036,0.04540200159,0.04564357837,False,barak_umium
1.523021496,0.01011800021,0.01432999969,0.05497799814,0.05770877835,False,barak_umium
1.533046435,0.003318999894,0.001365000033,0.03349500149,0.03368670525,False,barak_umium
1.543071353,-0.003562999889,0.001450999989,0.03109600022,0.03133307516,False,barak_umium
1.553096276,-0.0007639999967,-0.0008559999987,0.03588199988,0.0359003391,False,barak_umium
1.563121199,0.006697999779,-0.0007670000196,0.03587700054,0.03650494018,False,barak_umium
1.573146173,0.002376999939,0.002538000001,0.04312000051,0.0432599817,False,barak_umium
1.583171089,-0.006781999953,-0.009329999797,0.05748200044,0.05862784999,False,barak_umium
1.593195939,0.001200999948,-0.0003330000036,0.0455249995,0.04554205605,False,barak_umium
1.603220937,-0.01513500046,0.009422999807,0.05031000078,0.05337562498,False,barak_umium
1.613245858,0.001708999975,0.001037999988,0.0551609993,0.05519722791,False,barak_umium
1.623270809,-0.009847000241,-0.01801200025,0.04797400162,0.05218141813,False,barak_umium
1.633295738,0.001723999972,0.007670000196,0.05519099906,0.05574807132,False,barak_umium
1.643320656,-0.00993099995,-0.008988999762,0.05279200152,0.05446487217,False,barak_umium
1.653345823,0.0008239999879,0.0006360000116,0.03357800096,0.03359413075,False,barak_umium
1.663370502,-0.001162,-0.01612100005,0.05033300072,0.05286442895,False,barak_umium
1.673395418,0.0004729999928,0.001037999988,0.04552999884,0.04554428578,False,barak_umium
1.683420572,-0.006399000064,-0.01332900021,0.04313100129,0.04559487604,False,barak_umium
1.693445483,-0.002899999963,-0.008516999893,0.04547400028,0.04635551734,False,barak_umium
1.70347049,-0.002586999908,-0.003732000012,0.04307699949,0.04331568166,False,barak_umium
1.713495406,0.004894999787,0.00103699998,0.05504399911,0.05527095285,False,barak_umium
1.723520329,0.0005109999911,-0.001373999985,0.03588400036,0.03591393154,False,barak_umium
1.733545252,0.001536999946,6.800000119e-05,0.05257900059,0.05260150469,False,barak_umium
1.743570179,0.006711000111,0.002542000031,0.04539500177,0.04595873663,False,barak_umium
1.753595102,0.004720999859,0.0002360000071,0.05018100142,0.05040313918,False,barak_umium
1.76362004,0.007579000201,-0.003323999932,0.03585899994,0.03680160453,False,barak_umium
1.773644968,0.01275200024,-0.0008399999933,0.06697700173,0.06818532005,False,barak_umium
1.783670121,0.0002969999914,-0.0007590000168,0.0526590012,0.05266530829,False,barak_umium
1.793695041,-0.006570999976,-0.007841000333,0.03829399869,0.03963697343,False,barak_umium
1.803719959,0.001015000045,-0.0006769999745,0.03829000145,0.03830943442,False,barak_umium
1.813744882,0.008023999631,-0.007023000158,0.05986100063,0.06080334281,False,barak_umium
1.823769776,0.003534999909,-0.002148000058,0.04549499974,0.04568265677,False,barak_umium
1.833794728,-0.01529799961,0.002619999927,0.05267500132,0.0549140142,False,barak_umium
1.84381974,0.004259000067,-0.002080000006,0.03590999916,0.03622145112,False,barak_umium
1.853844588,-0.002518000081,0.002688999986,0.06702999771,0.06713115251,False,barak_umium
1.863869591,0.005425000098,0.003112999955,0.04316399992,0.04361481725,False,barak_umium
1.873894516,-0.008620000444,0.0008050000179,0.03118799999,0.03236732575,False,barak_umium
1.883919444,0.00101300003,-0.00801299978,0.04792400077,0.04859983729,False,barak_umium
1.89394461,-0.003364000004,0.01339200046,0.05271000043,0.05448858887,False,barak_umium
1.903969535,-0.004840999842,0.01329599973,0.03594199941,0.03862701399,False,barak_umium
1.913994219,-0.004426000174,-0.008147999644,0.03354199976,0.03480007361,False,barak_umium
1.924019366,0.001699000015,-0.00510900002,0.05028900132,0.050576399,False,barak_umium
1.934044291,0.002102999948,-0.0003389999911,0.05507399887,0.05511517832,False,barak_umium
1.944069303,0.002402999904,0.004428999964,0.0287340004,0.02917247381,False,barak_umium
1.954094238,0.002807999961,-0.002770999912,0.06943099946,0.06954298663,False,barak_umium
1.964119147,-0.003957000095,0.006771000102,0.06464099884,0.06511499845,False,barak_umium
1.974144299,0.000784999982,9.200000204e-05,0.04316399992,0.04317123554,False,barak_umium
1.984169026,-0.001304000034,0.007342999801,0.009646000341,0.01219284154,False,barak_umium
1.994193947,-6.199999916e-05,-0.001654000022,0.07433900237,0.07435742622,False,barak_umium
2.00421887,-0.01171400025,0.003216000041,0.04560599849,0.04719605446,False,barak_umium
2.014244029,0.0006099999882,0.0006210000138,0.04321699962,0.04322576543,False,barak_umium
2.024268949,-0.0110510001,-0.02092700079,0.05757800117,0.06225182876,False,barak_umium
2.034293872,0.002036999911,0.001425000024,0.03834600002,0.03842649751,False,barak_umium
0.011297696,-6.003373146,7.632940769,9.398786545,13.51441684,False,core_4
0.021321741,0.0,0.0,-0.0001009999978,0.0001009999978,False,core_4
0.031346046,4.89999984e-05,-6.29999995e-05,0.009495999664,0.009496335063,False,core_4
0.041370555,9.10000017e-05,-9.500000306e-05,0.01662700064,0.01662752106,False,core_4
0.0513946,-0.009019000456,-0.01258299965,-0.007288000081,0.01711108397,False,core_4
0.061418873,2.300000051e-05,-0.009686999954,0.0190670006,0.02138665493,False,core_4
0.071443401,-0.013882,-0.0001029999985,-7.699999696e-05,0.01388259565,False,core_4
0.081467455,0.0007929999847,-0.0001840000041,-0.002525999909,0.002653936796,False,core_4
0.091491727,0.003415999934,-0.01048200019,0.01661900058,0.01994323354,False,core_4
0.101516006,-0.004205999896,0.00342600001,0.009448999539,0.01089548087,False,core_4
0.11154028,-0.005733999889,-0.003550000023,0.01422499958,0.01574267665,False,core_4
0.121564588,-0.00156600005,-0.005136999767,0.004662999883,0.007112291521,False,core_4
0.131588857,-0.005756000057,0.00148700003,0.002281999914,0.006367906198,False,core_4
0.141613164,0.001741999993,-0.002790000057,-0.0001300000004,0.003291741833,False,core_4
0.151637423,-0.01467000041,-0.007122999988,0.002283999929,0.01646701845,False,core_4
0.161661702,0.007741999812,0.005212000106,0.00704499986,0.01169339682,False,core_4
0.17168601,0.003413999919,-0.001728000003,0.002250999911,0.004439412129,False,core_4
0.181710318,0.008658999577,0.00219499995,0.007034999784,0.01137046703,False,core_4
0.191734545,0.003862000071,-0.004273000173,-0.002556999912,0.006301731792,False,core_4
0.201758822,0.008627000265,-0.004056999926,0.01179600041,0.01516674018,False,core_4
0.211783119,0.01563899964,-0.006093000062,0.009394999593,0.01923457764,False,core_4
0.221807427,0.002985999919,-0.0003849999921,0.01422700007,0.01454207521,False,core_4
0.231831735,-0.004242999945,0.01149700023,0.01422999986,0.01877969538,False,core_4
0.241856053,0.006260999944,0.004342,0.02141899988,0.0227338215,False,core_4
0.251880356,0.003703000024,-0.01475500036,-0.002522000112,0.01542020523,False,core_4
0.261904664,-0.003532999894,-0.002748999977,0.01902700029,0.01954650427,False,core_4
0.271928981,-0.006763000041,-0.005193999968,0.01423200034,0.01659113133,False,core_4
0.281953289,-0.009193000384,-0.0003689999867,0.007050000131,0.01159094124,False,core_4
0.291977597,0.001248999964,0.006310999859,0.01659199968,0.01779559422,False,core_4
0.302001891,-0.005969999824,-0.003220000071,-0.004956000019,0.008400668696,False,core_4
0.312026199,0.0002559999994,-0.002559999935,0.002275000094,0.003434350171,False,core_4
0.322050506,-0.006963000167,0.004647000227,0.01185199991,0.01451026824,False,core_4
0.332074794,0.003443999914,-0.002691000002,0.004738000222,0.006446026878,False,core_4
0.342099101,-0.006178000011,-0.01221599989,0.01670799963,0.02159989789,False,core_4
0.35212318,0.001622000011,1.999999995e-06,0.01188299991,0.01199318869,False,core_4
0.362147485,-0.0008260000031,0.002430999884,0.002299000043,0.00344636586,False,core_4
0.372171813,-0.01283300016,-0.004708999768,0.002299000043,0.01386167281,False,core_4
0.382196121,0.001582000055,-0.002278999891,-9.60000034e-05,0.002775928796,False,core_4
0.392220385,-0.0003940000024,0.006670999806,0.0118239997,0.01358176878,False,core_4
0.402244673,-0.0003429999924,-0.002974000061,0.004641000181,0.005522789878,False,core_4
0.412268981,-0.002679999918,0.006618999876,0.01661299914,0.01808273484,False,core_4
0.422293289,-0.002197999973,0.0002849999873,0.01178199984,0.01198865919,False,core_4
0.432317592,0.009700999595,-0.004459000193,0.00699400017,0.0127635463,False,core_4
0.4423419,0.008972000331,0.0001860000048,0.009426999837,0.01301536445,False,core_4
0.452366194,0.001732000033,-0.009438999929,0.009425000288,0.01345084288,False,core_4
0.462390502,0.002001000103,-0.006535999943,0.007083999924,0.009844102376,False,core_4
0.472414795,-0.01240000036,0.005462000147,0.002297000028,0.01374298598,False,core_4
0.482439074,-0.0004820000031,0.003103999887,0.02384399995,0.02405002023,False,core_4
0.492463305,-0.0009510000236,0.001398000051,0.01181599963,0.01193635843,False,core_4
0.502487678,0.006260999944,-0.001062000054,0.007027000189,0.009471361891,False,core_4
0.512511911,-0.0008709999966,0.003655999899,0.009417999536,0.01014020175,False,core_4
0.522536236,-0.0008200000157,-0.003490000032,0.01899500005,0.01933035248,False,core_4
0.532560544,0.00349100004,-0.001107000047,-0.0001009999978,0.003663704598,False,core_4
0.542584909,-0.006229999941,0.006095999852,0.01426399965,0.01671633331,False,core_4
0.552609146,-0.0008759999764,-0.0001100000009,0.007044000085,0.007099113548,False,core_4
0.562633457,-0.008097999729,0.007094999775,0.007046000101,0.01286711851,False,core_4
0.572657765,0.001158999978,0.001199000049,0.009430999868,0.009577298187,False,core_4
0.582682058,0.003493000055,-0.01071699988,0.01422000024,0.01814562049,False,core_4
0.592706366,0.001044000033,0.003683000105,0.004645999987,0.006019945325,False,core_4
0.602730683,0.0006820000126,0.0003420000139,0.01181599963,0.01184060536,False,core_4
0.612755025,0.01029300038,-0.006792999804,0.009417999536,0.01551739084,False,core_4
0.622779362,0.0004689999914,0.000205999997,0.01663099974,0.01663888667,False,core_4
0.63280367,-0.006754000206,0.007408999838,0.00944500044,0.01377380959,False,core_4
0.642827992,-0.0002559999994,-0.0003560000041,-0.00251000002,0.002548013364,False,core_4
0.652852314,-0.00747299986,-0.0002149999927,0.002278999891,0.007815740042,False,core_4
0.662876386,-0.002589999931,-0.001291000051,0.007091999985,0.007659715697,False,core_4
0.672900937,-0.009808000177,-0.001252999995,0.004693999887,0.010945342,False,core_4
0.682925246,-0.002679999918,0.003465000074,0.009480999783,0.0104440405,False,core_4
0.692949338,-0.004575999919,0.004918000195,0.00463199988,0.008159774756,False,core_4
0.702973672,0.004927999806,0.002445999999,0.00224000006,0.005940176626,False,core_4
0.712998211,-0.0008970000199,0.0007430000114,0.01187799964,0.01193497103,False,core_4
0.72302231,-0.0128030004,-0.011283,0.009483999573,0.01952355388,False,core_4
0.733046615,0.0007110000006,0.0004070000141,0.007081000134,0.007128234909,False,core_4
0.743070923,0.007825000212,0.007610999979,0.007081000134,0.01301147616,False,core_4
0.75309524,-0.0009779999964,0.009304000065,0.01421399973,0.01701642411,False,core_4
0.763119547,-0.003418999957,-0.007400999777,0.002242000075,0.008455230496,False,core_4
0.773143884,-0.001080999966,0.002103999956,0.004635000136,0.005203710503,False,core_4
0.783168206,-0.0008609999786,-0.002438999945,0.01184900012,0.01212801903,False,core_4
0.793192524,0.01114100032,0.004664999899,0.00945500005,0.01533887669,False,core_4
0.803216857,0.001509999973,0.002202000003,-0.0001230000053,0.00267283238,False,core_4
0.813241155,0.000606000016,0.002780999988,0.007102000061,0.007651117685,False,core_4
0.823265463,0.01011400018,0.009879999794,0.01907400042,0.0237428913,False,core_4
0.833289771,0.0002849999873,-7.000000187e-05,0.01430600043,0.01430901022,False,core_4
0.84331405,-0.002157999901,0.009522000328,0.007122999988,0.01208563538,False,core_4
0.853338344,-0.000876999984,0.004329999909,0.01425199956,0.01492104284,False,core_4
0.863362637,-0.01288599987,0.009142999537,0.02383000031,0.02859217284,False,core_4
0.873386949,-0.001888999948,0.008662000299,0.009410999715,0.01292924923,False,core_4
0.88341117,-0.004321000073,-0.00325999991,0.01659600064,0.01745639935,False,core_4
0.893435539,0.0006120000035,-0.002830999903,-0.004896999802,0.005689438595,False,core_4
0.903459819,0.0005569999921,0.001992000034,0.004681999795,0.005118538386,False,core_4
0.913484136,0.005276999902,-0.005140000023,-0.002502999967,0.007780188753,False,core_4
0.923508444,0.0002549999917,0.003693999955,0.01181999967,0.01238640597,False,core_4
0.933532762,-0.002188999904,-0.01071999967,-0.004939000122,0.01200432571,False,core_4
0.943556982,-0.004282999784,-0.001276999945,0.009399999864,0.0104084011,False,core_4
0.953581293,-0.001936999965,0.005921000149,0.014188,0.01549546888,False,core_4
0.963605587,0.002205000026,0.005826999899,0.01177399978,0.01332077414,False,core_4
0.973629971,0.004433999769,-0.01337600034,0.009376999922,0.01692648417,False,core_4
0.983654209,0.0006239999784,0.0009629999986,0.01897699945,0.01901166097,False,core_4
0.993678515,0.002963999985,-0.001290000044,-0.002574000042,0.004132175243,False,core_4
1.00370287,0.007685999852,0.01059500035,0.01418500021,0.01930136931,False,core_4
1.013727097,0.01015899982,-0.005049000029,0.0166389998,0.02013837117,False,core_4
1.023751461,0.0005269999965,-0.009886000305,0.01664000005,0.01936234316,False,core_4
1.033775694,-0.001249999972,-0.002659999998,0.01187499985,0.01223330378,False,core_4
1.0438,0.008159000427,0.01879899949,0.00708700018,0.02168403194,False,core_4
1.053824321,-0.0002619999868,0.000119999997,0.004765000194,0.004773706196,False,core_4
1.063848634,-0.01227200031,0.009824000299,0.01434199978,0.02127923709,False,core_4
1.073872942,-0.01191100013,0.003064000048,0.0190760009,0.02269700048,False,core_4
1.083897244,0.01195800025,0.005485999864,0.002316999948,0.01335883428,False,core_4
1.093921552,-0.001515000011,0.003196999896,0.01183100045,0.01234862765,False,core_4
1.10394586,-0.01113000046,-0.008724999614,0.01901400089,0.02369672464,False,core_4
1.113970173,-0.00180800003,0.002168999985,0.002318999963,0.003653927458,False,core_4
1.123994495,-0.0138170002,0.006982999854,0.01189799979,0.01952521909,False,core_4
1.134018803,-0.003234999953,0.007091999985,0.01662000082,0.01835718159,False,core_4
1.144043092,0.01105799992,0.007116999943,0.02380299941,0.02719400359,False,core_4
1.1540674,0.001750999945,0.0009200000204,0.01424300019,0.01437968898,False,core_4
1.164091689,-0.01504200045,-0.003930999897,0.009452999569,0.01819543181,False,core_4
1.174115747,-0.00262699998,-0.0004379999882,0.02139200084,0.02155714899,False,core_4
1.184140264,0.004482000135,0.001981999958,0.01181599963,0.01279197,False,core_4
1.194164569,0.00501499977,-0.003285000101,0.01427299995,0.01548095526,False,core_4
1.204188862,0.000172,-0.01041300036,0.004695000127,0.01142379914,False,core_4
1.21421317,-0.0007430000114,-0.0007800000021,0.01905599982,0.01908642392,False,core_4
1.224237482,-0.0007970000152,0.001648999983,0.009480999783,0.009656281212,False,core_4
1.23426179,0.001540999976,0.004077999853,0.01666400023,0.01722479803,False,core_4
1.244285862,-0.008077000268,0.008887000382,0.002298000036,0.01222691757,False,core_4
1.254310168,0.0007089999854,0.001669000019,0.02381700091,0.02388593256,False,core_4
1.264334692,0.0006549999816,0.003994000144,0.01902800053,0.01945368516,False,core_4
1.274358757,-0.001787999994,0.006405000109,0.007058999967,0.009697961173,False,core_4
1.284383063,0.0003150000121,0.003377000103,0.0213820003,0.02164932543,False,core_4
1.294407596,-0.006800999865,-0.006151000038,0.01419899985,0.01690266244,False,core_4
1.304431906,-0.002495999914,0.0006270000013,0.009464999661,0.009808637171,False,core_4
1.314455964,-0.00492599979,0.0006590000121,0.01186299976,0.01286197956,False,core_4
1.324480265,-0.0001100000009,-0.0003180000058,0.02144600078,0.02144864037,False,core_4
1.334504573,0.002220999915,0.004592000041,0.01426099986,0.01514580542,False,core_4
1.344528866,-0.00801599957,-0.005535999779,0.0262219999,0.02797314465,False,core_4
1.354553207,0.001398000051,0.01363200042,0.009465999901,0.01665505911,False,core_4
1.36457752,0.003189000068,0.008836999536,-0.002531999955,0.009730020863,False,core_4
1.374601827,0.003125000047,-0.005473999772,0.01422800031,0.01556169308,False,core_4
1.384626154,-0.005477000028,-0.004941000137,0.004650999792,0.008720252905,False,core_4
1.394650679,0.008708000183,-0.0002220000024,0.0166209992,0.01876529152,False,core_4
1.404674992,-0.005152000114,0.0008510000189,0.01418999955,0.0151202974,False,core_4
1.4146993,0.009034000337,-0.001503000036,0.01658199914,0.01894293712,False,core_4
1.424723377,0.004191999789,0.0009260000079,0.01179500017,0.01255198659,False,core_4
1.434747683,-0.0004670000053,-0.0006169999833,0.006988999899,0.007031706591,False,core_4
1.444772221,-0.002906000009,-0.005458000116,0.02135300077,0.02223027763,False,core_4
1.454796291,0.004220999777,0.001654000022,0.006988000125,0.008329747951,False,core_4
1.464820597,0.0002960000129,-0.0007520000217,0.01651499979,0.01653476151,False,core_4
1.47484491,0.005123000126,-0.007988000289,0.01890699938,0.02115485534,False,core_4
1.484869226,0.01359399967,-0.01226999983,0.0165679995,0.02469510741,False,core_4
1.494893534,0.006453000009,-0.01232200023,0.01417099964,0.01985674015,False,core_4
1.504917842,0.0008789999993,-0.006866000127,0.02140500024,0.0224964138,False,core_4
1.51494238,0.003113999963,0.002744999947,0.02140600048,0.02180479023,False,core_4
1.524966473,-0.006498999894,0.00277199992,0.02140500024,0.02254096312,False,core_4
1.534990779,0.0001189999966,0.002148000058,0.007000000216,0.007323118753,False,core_4
1.545015086,0.004738000222,-0.007375999819,0.01178899966,0.01469130806,False,core_4
1.555039611,0.00468399981,-0.0002629999944,0.009394000284,0.01050029831,False,core_4
1.56506369,-0.0009560000035,0.002163999947,0.01663699932,0.01680436188,False,core_4
1.575087967,-0.003507999936,0.02133199945,0.004664000124,0.0221159029,False,core_4
1.585112274,0.004908000119,0.00954100024,0.02858700044,0.0305341734,False,core_4
1.595136813,6.500000018e-05,-0.007058000192,0.01422400028,0.01587897275,False,core_4
1.605160902,-0.003239999991,-0.002357000019,0.004637999926,0.006128955241,False,core_4
1.615185208,0.006163999904,0.007344000041,0.01182099991,0.0152205542,False,core_4
1.62520976,0.0002870000026,0.001982999966,0.01417999994,0.01432086087,False,core_4
1.635233839,0.0003370000049,-0.01003600005,0.02375599928,0.02579112964,False,core_4
1.645258361,0.002059000079,-0.001899000024,0.00945200026,0.009858295559,False,core_4
1.655282666,0.004385000095,-0.004348000046,0.02142399922,0.02229621207,False,core_4
1.665306974,-0.0004560000089,0.000475000008,0.009449999779,0.009472911741,False,core_4
1.675331266,0.001475000056,0.00214300002,0.004679000005,0.00535360769,False,core_4
1.685355358,0.003814999945,-0.0002149999927,0.01904200017,0.0194215916,False,core_4
1.695379908,-0.005807999987,0.0141660003,0.01186200045,0.01936789826,False,core_4
1.705404223,-0.002282999922,0.00180800003,0.01658900082,0.01684268093,False,core_4
1.715428305,0.007327000145,-0.005326999817,0.002223999938,0.009327809705,False,core_4
1.72545284,-0.002303000074,-0.0003980000038,0.007011999842,0.00739123502,False,core_4
1.73547715,0.0002390000009,-0.0005980000133,0.02611700073,0.02612493927,False,core_4
1.745501468,0.007356000133,-0.01251699962,0.009359000251,0.01727358976,False,core_4
1.755525545,-3.99999999e-06,5.900000178e-05,0.01179299969,0.01179314796,False,core_4
1.765550086,0.01179100014,-0.009469999932,0.004610999953,0.01581043654,False,core_4
1.77557441,-0.002252999926,-0.001392000006,0.01898900047,0.01917278831,False,core_4
1.785598718,-0.004585000221,-0.006233999971,-0.0001630000042,0.007740255271,False,core_4
1.795623025,-0.006577000022,0.001323999953,0.0189410001,0.02009406355,False,core_4
1.805647333,0.01239699963,0.001356999972,0.006972999778,0.01428809906,False,core_4
1.815671641,0.004759000149,-0.001331000007,0.01420400012,0.01503905791,False,core_4
1.825695934,0.009579000063,-0.003684000112,0.007019000128,0.01243364234,False,core_4
1.835720241,-0.004403000232,-0.001344999997,0.002206000034,0.005105082975,False,core_4
1.845744543,0.009889000095,0.005861999933,0.02136100084,0.02425794144,False,core_4
1.85576886,0.002554999897,-0.0009899999714,0.02859300002,0.02872399302,False,core_4
1.865793168,0.004887000192,0.01099700015,0.01422700007,0.01863395594,False,core_4
1.875817476,4.500000068e-05,-0.003436000086,0.009440000169,0.01004598053,False,core_4
1.885841799,-0.00298999995,0.001797999954,0.01417300012,0.014596124,False,core_4
1.895866182,0.01619599946,-0.01023100037,0.01417099964,0.02382857524,False,core_4
1.905890492,0.001509999973,-0.0006130000111,0.004645999987,0.004923533772,False,core_4
1.915914785,-0.001043000026,-0.0005779999774,0.01183199976,0.0118919364,False,core_4
1.925939092,-0.008259999566,-0.0005409999867,0.009436000139,0.0125522258,False,core_4
1.9359634,-0.00781300012,0.008038000204,0.01416500006,0.01806376608,False,core_4
1.945987703,0.001704999944,-0.01116499957,0.0141660003,0.01811738956,False,core_4
1.956012011,0.006202999968,-0.007480999921,0.01422499958,0.01722768648,False,core_4
1.966036333,-0.003414999926,0.004509000108,0.01183000021,0.01311267369,False,core_4
1.97606087,-8.299999899e-05,-0.0001639999973,0.02386699989,0.02386770766,False,core_4
1.986084939,-0.009705999866,0.02369000018,0.011895,0.02822965758,False,core_4
1.996109244,0.0003889999934,-0.002227999968,0.01435100008,0.01452812817,False,core_4
2.006133552,-0.00684100017,0.02173000015,0.01435200032,0.026925306,False,core_4
0.041072783,0.0003840000136,-7.300000289e-05,-0.01185400039,0.01186044309,False,kv_gate
0.051096783,-0.001449999982,0.0003910000087,0.0417990014,0.04182597158,False,kv_gate
0.061120828,-0.0001100000009,3.199999992e-05,0.003256999888,0.003259014002,False,kv_gate
0.071144817,0.01251799986,-0.01243299991,0.02468300052,0.03034024261,False,kv_gate
0.081168778,-0.0001029999985,0.01119800005,0.01744999923,0.02073422984,False,kv_gate
0.091192766,-0.01014600042,-0.02380399965,-0.004176999908,0.02621104828,False,kv_gate
0.101216949,-0.003613000037,-0.00983799994,-0.004255999811,0.01131165534,False,kv_gate
0.111240926,-0.002675000113,-0.003060000017,0.02229899913,0.02266637571,False,kv_gate
0.121265001,-0.01127899997,-0.01536399964,0.02470600046,0.03120344186,False,kv_gate
0.131288987,0.004592000041,-0.007197000086,0.0007570000016,0.008570666463,False,kv_gate
0.14131297,0.004683000036,-0.004718999844,0.0007910000277,0.006695157198,False,kv_gate
0.151337199,-0.01366700046,-0.01492100023,0.005557999946,0.02098367253,False,kv_gate
0.161361185,-0.001646999968,-0.0005670000101,0.005783999804,0.006040591995,False,kv_gate
0.171385184,0.00964699965,-0.01177299954,-0.008573000319,0.01746895689,False,kv_gate
0.181409168,0.009771999903,0.00291400007,0.01285200007,0.01640601367,False,kv_gate
0.191433218,-0.003004000057,-0.01023400016,0.00559299998,0.01204327299,False,kv_gate
0.201457449,0.01291699987,-0.003076999914,0.005599000026,0.01441060774,False,kv_gate
0.211481214,0.01658100076,-0.007416000124,0.003209999995,0.01844534478,False,kv_gate
0.221505443,-0.00916100014,-0.009359000251,-0.001545000006,0.01318718447,False,kv_gate
0.231529397,-0.002656999975,0.0003190000134,-0.00399899995,0.004811799089,False,kv_gate
0.241553447,0.002378999954,0.003373000072,0.0006990000256,0.004186331485,False,kv_gate
0.251577449,-0.002539000008,-0.0229330007,0.003087999998,0.02327884847,False,kv_gate
0.261601454,0.0006779999821,-0.005514000077,0.007747999858,0.009533906997,False,kv_gate
0.271625698,0.007822999731,0.01123800036,-0.01858600043,0.02308530677,False,kv_gate
0.281649685,-0.009886999615,-0.007786999922,0.01749400049,0.02155064228,False,kv_gate
0.291673685,0.001637000008,0.02093699947,0.01507900003,0.02585370298,False,kv_gate
0.30169776,0.01360299997,0.005754999816,-0.01625699922,0.02196478215,False,kv_gate
0.311721747,-0.0101429997,-0.01108300034,0.01487699989,0.02114328416,False,kv_gate
0.321745743,-0.002239000052,0.003528000088,0.007859000005,0.008900774513,False,kv_gate
0.331769972,0.009689000435,-0.008418999612,-0.01368600037,0.01876333899,False,kv_gate
0.341793959,-0.001331000007,-0.0006779999821,0.01279100031,0.01287792428,False,kv_gate
0.351817959,-0.004066000227,-0.0006680000224,0.01278000046,0.01342784396,False,kv_gate
0.361842015,0.005468999967,0.004120000172,-0.01355599985,0.01518714897,False,kv_gate
0.371866007,-0.01123000029,-0.00462500006,0.01778599992,0.02153706864,False,kv_gate
0.381890235,0.01001400035,0.004447999876,0.003189000068,0.0114120387,False,kv_gate
0.391914233,0.002804999938,-0.002720999997,-0.008782000281,0.009612252315,False,kv_gate
0.401938233,-0.002009999938,0.002072999952,0.005582000129,0.006284596566,False,kv_gate
0.411962229,0.007203000132,-0.002411999973,-0.009058999829,0.01182228543,False,kv_gate
0.421986229,-0.007178999949,0.01183700003,0.002910000039,0.01414640273,False,kv_gate
0.432010289,-0.001737999963,0.001526999986,0.003141999943,0.003901863205,False,kv_gate
0.442034291,0.003016999923,-0.01291299984,0.005535000004,0.01436955387,False,kv_gate
0.452058519,0.002990999958,0.001464999979,0.01511299983,0.01547562824,False,kv_gate
0.462082516,-0.004321000073,-0.0009149999823,0.01750100031,0.01804974456,False,kv_gate
0.472106512,-0.001953999978,0.001489000046,-0.00404800009,0.004735139045,False,kv_gate
0.482130572,-0.001649999991,-0.002132999944,0.0008619999862,0.002831118632,False,kv_gate
0.492154574,0.003109999932,0.002664000029,0.008043999784,0.00902634634,False,kv_gate
0.502178798,0.0005840000231,0.002671000082,0.00564099988,0.006268666294,False,kv_gate
0.51220255,0.01719300076,0.007460999768,-0.001542999991,0.01880549499,False,kv_gate
0.522226779,0.000303000008,0.002685999963,0.008027999662,0.008470843133,False,kv_gate
0.532250829,-0.0001880000054,0.002031000098,0.008082999848,0.008336377627,False,kv_gate
0.542274844,-0.0002149999927,0.002149000065,0.00568899978,0.006085157744,False,kv_gate
0.552299073,-0.0002419999946,-0.002627999987,-0.003889000043,0.004699922262,False,kv_gate
0.562323075,0.01397200022,-0.005111000035,0.008077000268,0.01692858662,False,kv_gate
0.572347075,0.003726999974,-0.004118999932,-0.001735000056,0.005819528713,False,kv_gate
0.582371075,-0.005965000018,-0.004201999865,0.005441000219,0.00910178617,False,kv_gate
0.59239507,0.0004930000287,-0.001316000009,0.01042800024,0.01052226659,False,kv_gate
0.602419145,0.0004659999977,-0.006070999894,-0.008725999855,0.01064036039,False,kv_gate
0.612443152,0.002522000112,-0.008225000463,0.007872999646,0.01166169973,False,kv_gate
0.622467376,-0.00229199999,0.001364000025,0.0006869999925,0.002754220219,False,kv_gate
0.632491378,-0.004801000003,0.003864000086,0.003077999922,0.006888699529,False,kv_gate
0.642515453,-0.0001279999997,5.700000111e-05,-0.001491999952,0.001498564933,False,kv_gate
0.652539455,0.009403999895,0.004850999918,0.003289999906,0.01108113323,False,kv_gate
0.662563455,0.002090000082,-0.002216999885,0.01286100037,0.01321697845,False,kv_gate
0.672587455,0.001124999952,-0.001618999988,0.01261899993,0.01277207677,False,kv_gate
0.682611669,0.0009940000018,-0.00399899995,0.007828000002,0.008846333739,False,kv_gate
0.692635748,-0.006308000069,-0.008760999888,0.003032000037,0.01121334063,False,kv_gate
0.702659753,0.0001140000022,0.0004130000016,0.01279000007,0.01279717417,False,kv_gate
0.712683758,0.004863000009,0.005197000224,-0.01594199985,0.01745866374,False,kv_gate
0.722707986,0.006221000105,-0.006144999992,0.005361000076,0.01025681184,False,kv_gate
0.732731968,0.003787999973,0.005818999838,0.005359999835,0.008771505067,False,kv_gate
0.742755969,-0.00265499996,0.002673000097,-0.001582000055,0.004086156933,False,kv_gate
0.752779988,-0.002779999981,0.007557999808,0.007984000258,0.01134001857,False,kv_gate
0.762803988,0.001654000022,0.0004910000134,-0.001826000051,0.002512184959,False,kv_gate
0.772828078,-0.007941000164,0.01713800058,0.00535500003,0.0196327933,False,kv_gate
0.782852308,-3.999999899e-05,0.001017999952,0.0005249999813,0.001146101602,False,kv_gate
0.79287631,-0.002456000075,0.008189000189,-0.00665799994,0.01083607972,False,kv_gate
0.802900385,-0.0007220000261,0.002830999903,0.0006479999865,0.002992615657,False,kv_gate
0.812924382,0.001641000039,-0.006715000141,-0.01132200006,0.01326543605,False,kv_gate
0.822948382,-0.0033809999,0.0005879999953,0.0006380000268,0.003490551297,False,kv_gate
0.832972597,0.001379000023,-0.001689999946,-0.01851800084,0.01864602092,False,kv_gate
0.842996594,-0.0006689999718,0.0005830000155,0.01037000027,0.01040789871,False,kv_gate
0.853020594,0.008860000409,0.0005920000258,0.01037000027,0.01365236158,False,kv_gate
0.863044688,-0.0007430000114,-0.004184999969,0.0007910000277,0.004323419341,False,kv_gate
0.873068708,-0.001308999956,-6.000000212e-06,0.007720999885,0.007831178463,False,kv_gate
0.883092727,-0.001230999944,-0.0142400004,0.002932999982,0.01459093763,False,kv_gate
0.893116956,-0.00622599991,-0.00359200011,-0.01362099964,0.0154012068,False,kv_gate
0.903140978,0.003204999957,-0.003567999927,0.007919000462,0.009258143254,False,kv_gate
0.913164977,0.0004100000078,-0.0004720000143,-0.003839999903,0.003890563362,False,kv_gate
0.923189052,0.0002789999999,-0.01480400003,0.0009379999829,0.01483631026,False,kv_gate
0.933213054,-0.0004339999869,0.0005140000139,0.0007009999827,0.0009715724258,False,kv_gate
0.94323704,-0.005249999929,0.000521000009,0.01027499977,0.01155030565,False,kv_gate
0.953261269,-0.01484000031,-0.01381999999,0.003092000028,0.02051288554,False,kv_gate
0.963285271,-6.399999984e-05,0.001109999954,0.003037000075,0.003234125129,False,kv_gate
0.973309375,-0.002481000032,0.01307199989,-0.006544000003,0.01482755807,False,kv_gate
0.983333377,-0.001499000005,0.003611000022,-0.008752999827,0.009586518041,False,kv_gate
0.993357591,0.01282100007,-0.005946000107,-0.001575000002,0.01422018231,False,kv_gate
1.003381608,0.001691999962,-0.001269,0.000561999972,0.002188394123,False,kv_gate
1.013405608,0.001659999951,0.005903999787,0.002956999931,0.006808572678,False,kv_gate
1.023429668,-0.0001230000053,3.500000093e-05,0.003190000076,0.00319256237,False,kv_gate
1.03345367,0.009414999746,-0.0143020004,-0.003992999904,0.01758219224,False,kv_gate
1.04347767,7.000000187e-05,-2.599999971e-05,0.003464000067,0.003464804823,False,kv_gate
1.053501912,0.007311999798,-1.200000042e-05,0.008255999535,0.01102846378,False,kv_gate
1.063525919,0.001232999959,0.002236000029,-0.003657999914,0.004461047904,False,kv_gate
1.07354998,0.01794799976,0.00713500008,0.005915000103,0.02019965712,False,kv_gate
1.083573967,0.003675000044,0.005433000159,0.003417999949,0.007396339615,False,kv_gate
1.093598167,0.008421000093,-0.006622999907,-0.02052300051,0.02315104577,False,kv_gate
1.103622169,0.005382999778,-0.005810000002,0.0007859999896,0.007959307923,False,kv_gate
1.113646156,0.01241800003,0.008557000197,0.007962999865,0.01705398323,False,kv_gate
1.123670231,-0.00207799999,-0.0009079999872,-0.01837700047,0.01851638988,False,kv_gate
1.133694228,0.001415999955,-0.001377000008,0.00102299999,0.002224345718,False,kv_gate
1.143718457,0.00366799999,0.005801999941,0.00820299983,0.01069610366,False,kv_gate
1.153742459,-0.0003910000087,0.0004790000094,0.0008229999803,0.001029393503,False,kv_gate
1.163766453,0.006649000105,0.01233800035,-0.003969000187,0.01456668863,False,kv_gate
1.173790482,0.0002549999917,-2.900000072e-05,-0.008952000178,0.008955678265,False,kv_gate
1.183814571,-0.01182700042,-0.004900999833,0.0006220000214,0.01281735629,False,kv_gate
1.193838564,-0.004643000197,0.005667999852,0.008019999601,0.01086296768,False,kv_gate
1.203862793,0.002502999967,0.005764999893,0.008018000051,0.01018766693,False,kv_gate
1.2138868,0.000577000028,-3.600000127e-05,0.01068300009,0.0106986315,False,kv_gate
1.22391086,0.01968399994,-0.002522000112,-0.003681000089,0.0201834115,False,kv_gate
1.233934848,0.007610000204,0.003824000014,0.01285399962,0.01541948071,False,kv_gate
1.243958867,-0.001994000049,0.003831000067,0.003278000047,0.005421981374,False,kv_gate
1.253983096,-0.002021000022,0.003840999911,-0.00390700018,0.005839723607,False,kv_gate
1.264007098,0.002633000026,-0.01527899969,-0.003911000211,0.01598988566,False,kv_gate
1.274031173,0.002605000045,-0.003196999896,0.005661000032,0.007003838586,False,kv_gate
1.284055189,0.002497999929,0.001006999984,-0.001736999955,0.00320487464,False,kv_gate
1.294079184,-0.009592000395,-0.0132269999,-0.006531999912,0.01759622178,False,kv_gate
1.304103427,0.0003049999941,-0.002976000076,-0.01377299987,0.01409415222,False,kv_gate
1.314127414,0.0002770000137,0.01377000008,-0.008985999972,0.01644499397,False,kv_gate
1.324151415,0.0009590000263,0.002216999885,0.00530199986,0.005826317194,False,kv_gate
1.334175494,-0.006231000181,-0.002653999953,0.002905000001,0.007369403233,False,kv_gate
1.344199496,-0.007009999827,0.004825000186,0.005559000187,0.01016480238,False,kv_gate
1.354223725,0.00491600018,0.002435999922,0.007950000465,0.009659382008,False,kv_gate
1.364247732,0.002515000058,-0.001297999988,0.002887000097,0.004042870122,False,kv_gate
1.374271718,9.300000238e-05,-0.006056999788,0.007674000226,0.00977681824,False,kv_gate
1.384295773,0.002353999997,0.001235999982,-0.004296000116,0.005052190508,False,kv_gate
1.394319986,-0.003745000111,-0.003143999958,0.003025999991,0.005750342383,False,kv_gate
1.404343988,0.01058099978,0.01600199938,-0.008938999847,0.02116429207,False,kv_gate
1.414367983,-0.0001110000012,-0.0006549999816,-0.008990000002,0.009014513077,False,kv_gate
1.424391983,-0.02416500077,0.001852000016,0.000578999985,0.02424278051,False,kv_gate
1.434416058,-0.001968000084,-0.005202000029,-0.01375100017,0.0148332004,False,kv_gate
1.444440083,0.002794000087,-0.002897999948,-0.00178000005,0.004401504329,False,kv_gate
1.454464312,0.007538999896,-0.005166999996,0.007794999983,0.01201234503,False,kv_gate
1.464488286,0.001091000042,-0.0006389999762,-0.009216999635,0.009303315771,False,kv_gate
1.474512286,-0.01328200009,0.00415199995,-0.006825999822,0.0154998356,False,kv_gate
1.484536361,-0.008115000091,0.002153000096,-0.00655800011,0.01065345021,False,kv_gate
1.494560363,0.003827000037,-0.00262699998,0.003018999938,0.005537275395,False,kv_gate
1.504584349,0.003790999996,-0.007387999911,-0.001769999973,0.008490413627,False,kv_gate
1.514608578,-0.003522000043,-0.0003000000142,0.005406999961,0.006459886445,False,kv_gate
1.524632584,-0.003769000061,0.005288999993,-0.001562000019,0.006679725028,False,kv_gate
1.534656659,0.005758999847,0.0005060000112,-0.003961000126,0.007007969552,False,kv_gate
1.544680671,0.003339000046,0.002913000062,0.0008270000108,0.004507595777,False,kv_gate
1.554704671,-0.0006070000236,-0.002413999988,0.0008469999884,0.002629306743,False,kv_gate
1.564728914,-0.0005290000117,-0.004794999957,0.008030000143,0.009367644736,False,kv_gate
1.574752921,0.001730000018,-0.00955399964,-0.008729999885,0.01305697925,False,kv_gate
1.58477699,2.900000072e-05,-0.0001500000071,0.002978000091,0.002981916422,False,kv_gate
1.594800992,0.002289999975,0.002249999903,0.000578999985,0.003262183384,False,kv_gate
1.604825225,-0.002723000012,-0.004900999833,-0.004217999987,0.007016128015,False,kv_gate
1.614849246,-0.0002070000046,-0.001825000043,0.0005060000112,0.001905127337,False,kv_gate
1.624873335,-0.0003370000049,0.007745000068,-0.004286999814,0.008858722395,False,kv_gate
1.634897337,0.000577000028,0.002329000039,-0.004265999887,0.004894479058,False,kv_gate
1.644921337,-0.009112999775,-0.004832999781,0.005303999875,0.01159901144,False,kv_gate
1.654945566,-0.002053000033,-0.0008370000287,0.0003089999955,0.002238494847,False,kv_gate
1.664969559,-0.01413800009,-0.000829000026,0.007488999981,0.01602046841,False,kv_gate
1.674993583,-0.01038200036,-0.007934999652,0.005249000154,0.01408197974,False,kv_gate
1.685017658,-0.0151800001,-0.003032000037,0.0004590000026,0.0154866429,False,kv_gate
1.69504166,-0.001138000051,0.0006939999876,-0.008855000138,0.008954758933,False,kv_gate
1.705065903,0.005894999951,0.003194000106,-0.004071999807,0.007844351059,False,kv_gate
1.715089905,0.001444000052,-0.002209000057,-0.004282000009,0.005029944481,False,kv_gate
1.72511398,-0.005750000011,0.004968999885,0.005291000009,0.009260029216,False,kv_gate
1.735137982,0.003799000056,0.002689999994,-0.001892999979,0.00502513187,False,kv_gate
1.745162211,-0.005226000212,-0.0009030000074,-0.008826999925,0.01029768978,False,kv_gate
1.755186213,-0.00296199997,-0.000784999982,-0.001650999999,0.003480728341,False,kv_gate
1.765210208,0.01843300089,-0.0006699999794,-0.001654000022,0.01851918297,False,kv_gate
1.775234269,0.001646999968,-0.0006600000197,0.0007370000239,0.001921295906,False,kv_gate
1.785258266,-0.001954999985,0.001597000053,-0.006194999907,0.00668957831,False,kv_gate
1.7952825,0.01704600081,-0.0008900000248,-0.006198000163,0.01815966546,False,kv_gate
1.805306502,0.0008169999928,-0.001443000045,0.003171999939,0.003579290674,False,kv_gate
1.815330516,0.005565000232,0.005733999889,-0.008801000193,0.01188720264,False,kv_gate
1.825354601,-0.0001039999988,0.0003260000085,0.003211000003,0.003229181479,False,kv_gate
1.835378593,0.007031999994,-0.002155999886,-0.0183380004,0.01975802668,False,kv_gate
1.845402593,0.011527,-0.01298299991,-0.004199000075,0.01786229596,False,kv_gate
1.855426821,-0.002863999922,-0.003290999914,-0.006593000144,0.007905746447,False,kv_gate
1.865450828,0.009060000069,-0.0008820000221,-0.01138400007,0.01457590419,False,kv_gate
1.875474903,-0.001778000034,0.004197999835,-0.01119699981,0.01208955299,False,kv_gate
1.88549889,-0.006678999867,-0.00296199997,-0.006417999975,0.009724875667,False,kv_gate
1.895523119,-0.001918000053,-0.0004539999936,-0.006419999991,0.006715745683,False,kv_gate
1.905547121,0.009461999871,-0.001456000027,0.0004910000134,0.009585951108,False,kv_gate
1.915571107,-0.007304999977,-0.001340999966,0.0004870000121,0.007443015155,False,kv_gate
1.925595182,-0.009247999638,-0.002003999893,0.003123000031,0.009964669692,False,kv_gate
1.935619179,-0.004478000104,0.009957999922,-0.008849999867,0.01405477659,False,kv_gate
1.945643413,-0.0007130000158,0.0008999999845,-0.004300999921,0.004451625469,False,kv_gate
1.955667415,-0.0198749993,0.00569299981,-0.004304000176,0.02111753446,False,kv_gate
1.965691509,0.0001069999998,0.0001389999961,-0.006459000055,0.006461381563,False,kv_gate
1.975715511,-0.00240899995,-0.004621000029,-0.004069999792,0.006612247752,False,kv_gate
1.985739745,0.0005109999911,-0.0008929999894,0.008132999763,0.008197820144,False,kv_gate
1.995763761,0.00776100019,-0.01283700019,0.0009539999883,0.01503102837,False,kv_gate
2.005787761,0.005888000131,-0.008611000143,-0.01361699961,0.01715344127,False,kv_gate
2.015811836,0.005843999796,0.003358999966,-0.004038000014,0.007857522414,False,kv_gate
2.025836067,-0.00135200005,0.0004830000107,0.001015000045,0.001758242941,False,kv_gate
2.035860069,0.01057299972,-0.004286999814,0.003409000114,0.01190747547,False,kv_gate
0.012640516,0.7830070257,-0.401196003,-0.05393600091,0.8814575017,False,lecture_hall_lake
0.022664796,0.003693999955,0.008794999681,0.5231239796,0.5232109476,False,lecture_hall_lake
0.032688798,0.003064000048,0.009924000129,0.776161015,0.7762305039,False,lecture_hall_lake
0.042712856,0.0003209999995,0.00915400032,0.570644021,0.5707175286,False,lecture_hall_lake
0.052736831,0.1058330014,0.0617569983,0.09206199646,0.1532643541,False,lecture_hall_lake
0.06276106,0.1545819938,0.0669329986,-0.3338609934,0.37395024,False,lecture_hall_lake
0.07278512,0.1244509965,0.09939099848,-0.5587700009,0.5810254169,False,lecture_hall_lake
0.082809095,0.1183110029,0.07928500324,-0.3983210027,0.4230168157,False,lecture_hall_lake
0.09283329,0.08472800255,0.0439790003,-0.04642200097,0.1061507845,False,lecture_hall_lake
0.102857268,0.01575900055,0.02222800069,0.2360730022,0.2376402586,False,lecture_hall_lake
0.112881304,0.02075400017,0.007674000226,0.3606100082,0.3612882462,False,lecture_hall_lake
0.122905535,0.05453100055,0.01259899978,0.1859820038,0.1942206749,False,lecture_hall_lake
0.132929518,0.0730940029,0.03564500064,-0.04843499884,0.09465330656,False,lecture_hall_lake
0.142953484,0.09575299919,0.04258700088,-0.2278919965,0.2508327163,False,lecture_hall_lake
0.152977765,0.08075600117,0.03658000007,-0.2566109896,0.2714936981,False,lecture_hall_lake
0.163001752,0.06072600186,0.04476099834,-0.09146100283,0.1185593072,False,lecture_hall_lake
0.173025829,0.03402400017,0.006703999825,0.08801800013,0.09460308952,False,lecture_hall_lake
0.183049799,0.009440000169,0.0194819998,0.1599979997,0.1614559439,False,lecture_hall_lake
0.193074019,0.03026599996,0.01974800043,0.1217970029,0.1270453627,False,lecture_hall_lake
0.203098088,0.02661200054,0.01424700022,-0.02163000032,0.03713532687,False,lecture_hall_lake
0.213122078,0.036683999,0.01731400006,-0.1243790016,0.1308267037,False,lecture_hall_lake
0.223146078,0.03711099923,0.02053000033,-0.1409700066,0.1472115822,False,lecture_hall_lake
0.233170375,0.01177900005,0.007540000137,-0.06679400057,0.06824247179,False,lecture_hall_lake
0.243194386,0.001627000049,-0.001230000053,0.0385450013,0.03859892686,False,lecture_hall_lake
0.253218615,0.008949000388,0.001294999965,0.08881799877,0.08927708854,False,lecture_hall_lake
0.263242622,0.001719999942,-0.01405400038,0.05535599962,0.05713807855,False,lecture_hall_lake
0.273266716,0.02935199998,-0.008107000031,-0.01882500015,0.03580005563,False,lecture_hall_lake
0.283290956,0.02839300036,-0.006711000111,-0.07617200166,0.0815682158,False,lecture_hall_lake
0.293314972,0.02353500016,0.01256200019,-0.08814699948,0.09209556775,False,lecture_hall_lake
0.303338958,0.003323999932,0.01035199966,-0.01873500086,0.02166132798,False,lecture_hall_lake
0.313363033,0.008564000018,-0.001062999945,0.02673099935,0.02808947119,False,lecture_hall_lake
0.323387249,-0.00138599996,9.79999968e-05,0.04573300108,0.04575410351,False,lecture_hall_lake
0.333411328,0.01228099968,0.001779000042,0.02420900017,0.02720410784,False,lecture_hall_lake
0.343435323,0.01673199981,-0.00722800009,-0.02597600035,0.03173257628,False,lecture_hall_lake
0.353459323,0.02602799982,0.009235999547,-0.04990400001,0.05703656441,False,lecture_hall_lake
0.363483543,0.009902000427,0.005379999988,-0.04734800011,0.04867059817,False,lecture_hall_lake
0.373507603,-0.0005380000221,0.009398000315,-0.01179500017,0.01509085428,False,lecture_hall_lake
0.383531827,0.01136799995,0.01190800034,0.007354000118,0.01803089605,False,lecture_hall_lake
0.393555809,0.00105099997,0.0002990000066,0.01467700023,0.01471761998,False,lecture_hall_lake
0.403579865,-0.01389800012,0.01188500039,0.00511199981,0.01898789572,False,lecture_hall_lake
0.413604106,0.004530000035,0.005679999944,-0.0138299996,0.01562216978,False,lecture_hall_lake
0.423628108,-0.01955300011,0.01287699956,-0.04255799949,0.0485728345,False,lecture_hall_lake
0.433652103,0.001940999995,-0.003749999916,-0.006647999864,0.007875651246,False,lecture_hall_lake
0.443676178,-0.004557000007,0.0004429999972,-0.01151899993,0.01239555798,False,lecture_hall_lake
0.453700408,-0.01417099964,0.01003499981,0.007631999906,0.01896749521,False,lecture_hall_lake
0.463724395,-0.004860999994,-0.002116000047,-0.006721000187,0.008560293258,False,lecture_hall_lake
0.473748451,-0.0005370000144,-0.0002659999882,-0.01614000089,0.01615112237,False,lecture_hall_lake
0.483772653,0.01115399972,-0.002736999886,-0.03529199958,0.03711371865,False,lecture_hall_lake
0.493796655,0.0002640000021,-0.004621000029,-0.01630100049,0.0169453815,False,lecture_hall_lake
0.503820706,-0.004573999904,-0.002202000003,-0.009119000286,0.01043678329,False,lecture_hall_lake
0.513844924,5.600000077e-05,0.002612000098,-0.006725000218,0.007214659274,False,lecture_hall_lake
0.523868926,-0.007263000123,3.300000026e-05,-0.004323999863,0.008452764909,False,lecture_hall_lake
0.533893024,-0.009571000002,0.002297000028,-0.006742999889,0.01193098058,False,lecture_hall_lake
0.543917012,0.01169900037,-0.01223600004,-0.01631299965,0.02350957814,False,lecture_hall_lake
0.55394124,-0.0004260000132,-0.0002410000016,-0.02349100076,0.02349609911,False,lecture_hall_lake
0.563965315,-0.0002130000066,0.0001639999973,-0.006883000024,0.006888247551,False,lecture_hall_lake
0.573989306,0.01647499949,0.009757000022,-0.009277000092,0.0212764515,False,lecture_hall_lake
0.584013539,0.000578999985,0.004443999846,-0.006688999943,0.008051527548,False,lecture_hall_lake
0.594037618,-0.004354000092,0.004350999836,-0.01626300067,0.01738889609,False,lecture_hall_lake
0.604061608,0.00250599999,0.002860999899,-0.0256319996,0.02591263707,False,lecture_hall_lake
0.614085837,-0.009608999826,-0.0115670003,-0.01365199964,0.02031023062,False,lecture_hall_lake
0.624109916,-0.000532999984,-0.0001990000019,-0.008813999593,0.00883234277,False,lecture_hall_lake
0.634133916,0.004205999896,-0.02888800018,-0.01360199973,0.0322059216,False,lecture_hall_lake
0.644157916,-0.04674400017,0.02923199907,0.005563999992,0.05541181658,False,lecture_hall_lake
0.654182145,0.02740900032,-0.04036400095,-0.001612000051,0.04881705046,False,lecture_hall_lake
0.664206229,-0.04214999825,0.01432599965,-0.001626000041,0.04454773277,False,lecture_hall_lake
0.674230214,0.0245009996,-0.01686399989,-0.02316400036,0.0376996603,False,lecture_hall_lake
0.684254448,0.005421999842,-0.01670500077,-0.0304990001,0.03519437654,False,lecture_hall_lake
0.694278527,0.01264899969,-0.01427199971,0.0006220000214,0.01908072464,False,lecture_hall_lake
0.704302731,0.001525999978,-0.01108099986,-0.006730000023,0.01305412326,False,lecture_hall_lake
0.714326733,0.01083599962,-0.003664999967,-0.02827999927,0.0305058924,False,lecture_hall_lake
0.724350808,-0.02867599949,0.02490999922,-0.01386599988,0.04043620854,False,lecture_hall_lake
0.73437481,0.0002050000039,-0.005956999958,0.00766800018,0.009712162491,False,lecture_hall_lake
0.744399024,-0.03368400037,0.04966399819,0.03650899976,0.07024266268,False,lecture_hall_lake
0.754423041,0.01462899987,-0.06125000119,-0.0353000015,0.07219183049,False,lecture_hall_lake
0.764447116,0.1605969965,-0.06806199998,0.07245700061,0.1888752183,False,lecture_hall_lake
0.774471097,-0.1441999972,-0.002794000087,0.1395709962,0.2007025376,False,lecture_hall_lake
0.784495322,-0.02822499909,0.04768199846,0.0655670017,0.08584436652,False,lecture_hall_lake
0.794519429,0.002184000099,-0.06949800253,-0.001315000001,0.06954474414,False,lecture_hall_lake
0.804543644,0.06649699807,-0.003432000056,-0.07046700269,0.09694961498,False,lecture_hall_lake
0.814567661,-0.06220600009,0.02364099957,-0.2379959971,0.2471246202,False,lecture_hall_lake
0.824591661,0.01617600024,-0.0007949999999,-0.1756229997,0.1763681746,False,lecture_hall_lake
0.834615721,0.01581200026,-0.008558999747,-0.05120399967,0.05426900967,False,lecture_hall_lake
0.844639952,-0.04885900021,-0.0009420000133,0.1066130027,0.1172792463,False,lecture_hall_lake
0.854663954,-0.03473899886,-0.01537699997,0.1401360035,0.1451941791,False,lecture_hall_lake
0.864688039,-0.004999999888,-0.0191149991,0.05630400032,0.05967012352,False,lecture_hall_lake
0.874712283,-0.02297000028,0.0006880000001,-0.03939900175,0.04561113456,False,lecture_hall_lake
0.884736285,-0.01864800043,0.01150100026,-0.09445100278,0.0969588204,False,lecture_hall_lake
0.89476035,-0.006610999815,0.00443200022,-0.0992500037,0.09956862547,False,lecture_hall_lake
0.904784357,-0.009840000421,0.004875000101,-0.04187899828,0.04329482338,False,lecture_hall_lake
0.914808605,-0.02851399966,-0.004141999874,0.04668499902,0.05486067328,False,lecture_hall_lake
0.924832684,-0.03039900027,0.002577000065,0.04658899829,0.05568909147,False,lecture_hall_lake
0.934856703,-0.01422700007,-0.007693999913,0.02985299937,0.03395300778,False,lecture_hall_lake
0.944880932,-0.0194949992,0.00848999992,-0.0132489996,0.0250533647,False,lecture_hall_lake
0.954905026,-0.01265999954,-0.003868999891,-0.05393499881,0.05553583388,False,lecture_hall_lake
0.964929026,-0.0001230000053,0.0006070000236,-0.03696500137,0.03697018941,False,lecture_hall_lake
0.974953245,-0.01431200001,-0.0135110002,-0.01063499972,0.0223714928,False,lecture_hall_lake
0.984977339,-0.01611099951,-0.002382999985,0.02034400031,0.02605995669,False,lecture_hall_lake
0.995001353,-0.004397999961,-0.01212299988,0.0179580003,0.02210880604,False,lecture_hall_lake
1.005025552,-0.0003879999858,-0.002583999885,-0.001276999945,0.002908320521,False,lecture_hall_lake
1.015049554,0.01099599991,-0.01504100021,-0.01801900007,0.02591964631,False,lecture_hall_lake
1.025073629,-0.002675000113,-0.002800999908,-0.03976399824,0.03995218119,False,lecture_hall_lake
1.035097847,0.01401500031,-0.01233899966,-0.01821699925,0.02608697391,False,lecture_hall_lake
1.045121848,0.001095999964,-0.002278999891,-0.008515000343,0.008882583367,False,lecture_hall_lake
1.055145909,0.003327999962,-0.009417999536,0.01063899975,0.01459323867,False,lecture_hall_lake
1.06517014,0.001936999965,-0.002054000041,-0.00617399998,0.006788899821,False,lecture_hall_lake
1.075194128,0.008729999885,-0.002231999999,-0.01574099995,0.01813763495,False,lecture_hall_lake
1.085218183,-0.001029000035,-0.001082999981,-0.0227320008,0.02278103576,False,lecture_hall_lake
1.095242205,-0.01803800091,-0.02040500008,-0.02991100028,0.04045245905,False,lecture_hall_lake
1.105266414,0.001521999948,-0.0007639999967,-0.0108070001,0.0109403579,False,lecture_hall_lake
1.115290493,-0.003308000043,-0.005508999806,-0.003623999888,0.007377351716,False,lecture_hall_lake
1.125314493,0.0003260000085,0.002138999989,0.0105320001,0.01075195904,False,lecture_hall_lake
1.135338726,0.004834999796,0.004443000071,-0.01101099979,0.01282028038,False,lecture_hall_lake
1.145362805,-0.003611000022,0.001674000057,-0.02771100029,0.02799537702,False,lecture_hall_lake
1.1553868,0.0177609995,-0.0104700001,-0.008551999927,0.02232063413,False,lecture_hall_lake
1.165411029,0.007507000118,-0.001801999984,-0.006095999852,0.009836842426,False,lecture_hall_lake
1.175435017,0.0002720000048,-0.004170000087,-0.01327999961,0.01392197092,False,lecture_hall_lake
1.185459097,-0.009341999888,-0.004135000054,-0.006099000107,0.01189827675,False,lecture_hall_lake
1.195483099,-0.001765000052,-0.0003450000077,-0.003829000052,0.004230306323,False,lecture_hall_lake
1.205507328,0.01710399985,-0.007701999974,-0.01340200007,0.02305387647,False,lecture_hall_lake
1.215531325,0.006029999815,-0.005363999866,-0.006258000154,0.01021253927,False,lecture_hall_lake
1.225555631,-0.003796000034,0.006405000109,0.0009319999954,0.007503483634,False,lecture_hall_lake
1.235579633,-0.001779000042,-0.002219999908,-0.008421000093,0.008888559124,False,lecture_hall_lake
1.245603633,-0.006709000096,-0.002290999983,-0.008418000303,0.01100554825,False,lecture_hall_lake
1.255627708,-0.003695999971,-4.89999984e-05,0.005845999811,0.006916540361,False,lecture_hall_lake
1.265651953,0.000829000026,0.002160999924,-0.008511000313,0.008820107031,False,lecture_hall_lake
1.27567596,-0.01138400007,0.00207799999,-0.02286900021,0.0256301524,False,lecture_hall_lake
1.285700049,0.007693999913,-0.01085700002,-0.006198999938,0.0146799075,False,lecture_hall_lake
1.295724066,0.0003589999978,0.003320999909,-0.01337900013,0.01378969056,False,lecture_hall_lake
1.305748312,-0.002187999897,0.00801199954,-0.01576999947,0.01782336566,False,lecture_hall_lake
1.315772391,0.000492000021,-0.0002430000022,-0.01349900011,0.01351014867,False,lecture_hall_lake
1.325796391,0.002832999919,-0.0004260000132,-0.001523999963,0.00324498697,False,lecture_hall_lake
1.335820639,0.01223300025,0.004275999963,0.0008730000118,0.01298817153,False,lecture_hall_lake
1.345844636,0.002397000091,0.001698000007,-0.006302000023,0.006952986247,False,lecture_hall_lake
1.355868711,-0.0001510000002,0.004011999816,-0.01587600075,0.01637578527,False,lecture_hall_lake
1.365892924,-0.0004159999953,0.001540999976,-0.01347399969,0.01356821302,False,lecture_hall_lake
1.375917021,0.001691999962,0.006066999864,0.001108000055,0.006395233799,False,lecture_hall_lake
1.38594104,0.006300999783,-0.001293999958,-0.01085499953,0.0126177672,False,lecture_hall_lake
1.395965269,0.000119999997,-0.0008820000221,-0.01569099911,0.01571622655,False,lecture_hall_lake
1.405989286,-0.02156800032,-0.00574199995,0.001071000006,0.02234493773,False,lecture_hall_lake
1.416013376,-0.00202600006,-0.0004220000119,-0.008617999963,0.008862995184,False,lecture_hall_lake
1.426037378,0.002595999977,-0.007559999824,-0.02297900058,0.02432955571,False,lecture_hall_lake
1.436061606,0.002437999938,-0.0005610000226,-0.01818500087,0.01835627471,False,lecture_hall_lake
1.446085699,9.200000204e-05,-0.0008699999889,-0.001266999985,0.001539692483,False,lecture_hall_lake
1.456109694,-0.002562999958,-0.01289799996,-0.006051999982,0.01447598271,False,lecture_hall_lake
1.466134,0.002407999942,-0.01018199977,-0.008609999903,0.01355004359,False,lecture_hall_lake
1.476157925,0.00462500006,-0.003067000071,-0.003815999953,0.006734906876,False,lecture_hall_lake
1.486182231,-0.0007949999999,0.0001990000019,-0.0134619996,0.01348692178,False,lecture_hall_lake
1.496206315,-0.003339000046,0.004788999911,-0.01105900016,0.01250539587,False,lecture_hall_lake
1.506230315,-1.899999916e-05,0.0002849999873,-0.008442999795,0.00844782999,False,lecture_hall_lake
1.516254544,-0.009627999738,0.002593999961,-0.008442999795,0.01306565958,False,lecture_hall_lake
1.526278546,-0.00260300003,1.70000003e-05,-0.006043000147,0.006579798548,False,lecture_hall_lake
1.536302607,-0.003786999965,0.002345999936,-0.01557500008,0.01619955901,False,lecture_hall_lake
1.546326837,-0.001552999951,-0.004912999924,-0.0179619994,0.01868643357,False,lecture_hall_lake
1.556350839,-0.001706999959,-0.007156999782,-0.00839000009,0.01115923816,False,lecture_hall_lake
1.566374909,-0.00289699994,-0.005127999932,-0.006215000059,0.008562430595,False,lecture_hall_lake
1.576398911,-0.0006619999767,-0.007685000077,-0.006206999999,0.009900723162,False,lecture_hall_lake
1.586423135,0.003967999946,0.001812999952,-0.008596999571,0.009640559839,False,lecture_hall_lake
1.596447214,-0.0001889999985,-2.599999971e-05,-0.001614999957,0.001626229339,False,lecture_hall_lake
1.606471214,0.00443500001,0.01663500071,-0.008794999681,0.0193324725,False,lecture_hall_lake
1.616495228,0.003793000011,0.000469999999,-0.01583199948,0.01628680314,False,lecture_hall_lake
1.626519443,-0.005826999899,0.009951000102,-0.01583000086,0.01958482214,False,lecture_hall_lake
1.63654344,-0.0002619999868,-0.000423999998,-0.008454999886,0.008469677861,False,lecture_hall_lake
1.646567515,-0.0005239999737,0.006554999854,0.001128999982,0.006672124101,False,lecture_hall_lake
1.656591512,0.001306000049,-0.005259000231,-0.006200000178,0.008234240813,False,lecture_hall_lake
1.666615741,-0.00830299966,-0.0006530000246,-0.00858999975,0.01196471095,False,lecture_hall_lake
1.676639805,-0.005605000071,-0.0005709999823,-0.01587199979,0.01684228144,False,lecture_hall_lake
1.686663805,0.01815699972,-0.007822999731,-0.006291000172,0.02074735277,False,lecture_hall_lake
1.696688019,-0.0004480000061,-0.001205999986,-0.00607299991,0.006207774792,False,lecture_hall_lake
1.706712098,-0.0006070000236,-0.006155999843,0.001114999992,0.006285539601,False,lecture_hall_lake
1.716736098,-0.0008720000042,0.0009480000008,-0.0156379994,0.01569095642,False,lecture_hall_lake
1.726760098,-0.001628000056,-0.0004250000056,-0.02035300061,0.0204224299,False,lecture_hall_lake
1.736784403,-0.004170000087,-0.005274999887,-0.01316499989,0.01478281931,False,lecture_hall_lake
1.746808405,-0.0007769999793,-0.000812000013,-0.01533799991,0.01537911942,False,lecture_hall_lake
1.756832391,-0.005702999886,-0.00327700004,-0.01533500012,0.016686077,False,lecture_hall_lake
1.766856697,-0.009363000281,-0.007953000255,-0.02272599936,0.02583383506,False,lecture_hall_lake
1.776880685,-0.004827000201,-0.008119000122,-0.01074600033,0.01430715266,False,lecture_hall_lake
1.786904685,0.002351999981,-0.001247999957,-0.005987999961,0.006553285537,False,lecture_hall_lake
1.796928914,0.004581999965,-0.0133840004,0.003595999908,0.01459648607,False,lecture_hall_lake
1.806952998,-0.005429999903,-0.002833999926,-0.001358999987,0.00627402068,False,lecture_hall_lake
1.81697724,0.003869999899,0.004149999935,-0.01571800001,0.01671092227,False,lecture_hall_lake
1.827001319,-0.0006070000236,0.002112000016,0.005663999822,0.006075350779,False,lecture_hall_lake
1.837025324,0.006401000079,-0.005136999767,-0.01587699912,0.01787290323,False,lecture_hall_lake
1.847049552,-0.0002130000066,-0.0004630000039,0.00102700002,0.001146502092,False,lecture_hall_lake
1.857073631,0.00191500003,-0.01728099957,-0.003754999954,0.01778764166,False,lecture_hall_lake
1.867097621,-0.000297999999,-4.199999967e-05,-0.01352499984,0.0135283476,False,lecture_hall_lake
1.87712185,0.00183199998,0.01182899997,-0.01112699974,0.01634293693,False,lecture_hall_lake
1.887145617,-0.00117199996,-0.001277999952,-0.006120000035,0.006360917246,False,lecture_hall_lake
1.897169923,0.003451999975,-0.008522000164,-0.01090500038,0.01426393438,False,lecture_hall_lake
1.907194154,-0.003188000061,0.002424000064,-0.01322199963,0.0138152233,False,lecture_hall_lake
1.917218156,-0.000951999973,-0.002546000062,-0.01321499981,0.01349165076,False,lecture_hall_lake
1.927242233,-0.003607999999,-0.002729000058,-0.001236999989,0.00468991197,False,lecture_hall_lake
1.937266219,0.01526299957,-0.01008400042,-0.008410000242,0.02013390981,False,lecture_hall_lake
1.947290219,0.001186999958,-0.001324999961,-0.01321099978,0.01333023289,False,lecture_hall_lake
1.957314433,-0.001359999995,0.005863999948,-0.003632999957,0.007030987417,False,lecture_hall_lake
1.967338435,-0.0005009999732,-0.003172999946,-0.008624999784,0.009203779164,False,lecture_hall_lake
1.97736274,0.001731000026,0.01098900009,-0.00383000006,0.01176534677,False,lecture_hall_lake
1.987386819,-0.0002910000039,-0.0003349999897,-0.006333999801,0.006349524351,False,lecture_hall_lake
1.997410823,-0.0005530000199,0.006852999795,-0.01351500023,0.01516326635,False,lecture_hall_lake
2.007434823,0.009387000464,0.005073999986,-0.01811400056,0.02102327924,False,lecture_hall_lake
0.016643557,0.3549680114,-4.28946209,1.118669033,4.447123532,False,old_sac
0.026667862,0.0002490000043,-0.0003929999948,-0.01137300022,0.0113825122,False,old_sac
0.03669216,-0.0003699999943,0.0005349999992,0.01438600011,0.01440069874,False,old_sac
0.046716545,-0.001232999959,0.00159999996,0.04200499877,0.04205353981,False,old_sac
0.056740759,-0.001840000041,-0.008658999577,0.03681499884,0.03786433696,False,old_sac
0.06676502,0.0173550006,-0.01433700044,0.01724500023,0.02835728584,False,old_sac
0.076789371,0.04388799891,-0.005512999836,-0.007011999842,0.04478524039,False,old_sac
0.08681357,0.04926799983,-0.0225310009,-0.01684699953,0.05673449746,False,old_sac
0.096837832,0.01417599991,-0.01104199979,-0.005040000193,0.01866243111,False,old_sac
0.106862217,0.01677699946,-0.01273899991,0.01660900004,0.02682552352,False,old_sac
0.116886411,0.000773000007,0.01285799965,0.03362699971,0.03600973192,False,old_sac
0.126910717,0.008621999994,0.002155000111,0.01459799986,0.01709048008,False,old_sac
0.136935005,0.01532300003,-0.00723899994,0.002333000069,0.01710673374,False,old_sac
0.146959279,0.02002700046,0.000858000014,-0.007466999814,0.02139095598,False,old_sac
0.156983558,0.01527000032,-0.009589999914,0.006903000176,0.01930783312,False,old_sac
0.167007846,0.0116109997,-0.004557000007,0.001861999976,0.01261144746,False,old_sac
0.177032154,0.004610000178,0.006771999877,0.01133999974,0.01398955603,False,old_sac
0.187056471,-0.009177999571,0.000595999998,0.008809000254,0.01273535934,False,old_sac
0.197080761,-0.004741000012,-0.008818999864,0.006525999866,0.01195159044,False,old_sac
0.20710483,0.004751999862,-0.0008140000282,0.0135239996,0.01435766917,False,old_sac
0.217129337,-0.004366000183,0.002316999948,-0.008147000335,0.009529116476,False,old_sac
0.227153647,-0.003205999965,-0.0002349999995,-0.0007590000168,0.003302989827,False,old_sac
0.237177959,-0.007391999941,0.009127999656,0.01362800039,0.01799123219,False,old_sac
0.247202272,-0.002976000076,0.002401999896,0.01157000009,0.01218569169,False,old_sac
0.257226594,0.01352200005,0.009588999674,0.02352599986,0.02877961205,False,old_sac
0.267250902,-0.001671000035,-0.0007140000234,0.009216999635,0.009394419589,False,old_sac
0.277274989,0.003174999962,-0.007867000066,0.01161700021,0.01438488821,False,old_sac
0.287299505,0.01324800029,-0.00684100017,0.004143000115,0.0154749231,False,old_sac
0.297323575,-0.005503000226,0.002637000056,0.008942999877,0.01082654273,False,old_sac
0.307347881,0.001853000023,0.0001530000009,0.01134399977,0.01149536205,False,old_sac
0.317372192,0.001867000014,-0.0004879999906,0.01163399965,0.01179295471,False,old_sac
0.3273965,-0.002954999916,-0.002867999952,0.0116320001,0.01233940333,False,old_sac
0.337420799,-0.0004900000058,-0.0100159999,0.009240999818,0.01363658431,False,old_sac
0.347445332,-0.0003650000144,0.0007719999994,0.01369300019,0.01371960142,False,old_sac
0.357469392,-0.007253000047,0.005458999891,0.004131000023,0.009973557574,False,old_sac
0.367493698,-0.003299999982,0.005840000231,0.00925999973,0.01143429917,False,old_sac
0.377518001,0.002437999938,0.008512999862,0.02324800007,0.02487738969,False,old_sac
0.387542274,0.01457200013,0.01341000013,0.0112739997,0.02278759225,False,old_sac
0.397566563,0.01272699982,0.007292999886,0.01124200039,0.01848098873,False,old_sac
0.407590847,-0.006235000212,0.004796999972,0.01125000045,0.01372767083,False,old_sac
0.417615136,0.00351900002,2.499999937e-05,0.008860000409,0.009533288698,False,old_sac
0.427639444,-0.0004680000129,0.004085000139,0.01395300031,0.01454621833,False,old_sac
0.437663717,0.0139469998,-0.003182000015,0.006775000133,0.01582859925,False,old_sac
0.447688025,-0.0003539999889,0.0008469999884,0.01664399914,0.0166692961,False,old_sac
0.457712328,0.002105999971,-0.01587799937,0.01424899977,0.02143781925,False,old_sac
0.467736617,0.007114999928,-0.009642999619,0.02108900063,0.02425606343,False,old_sac
0.477760896,-0.002285999944,-0.0001559999946,0.01391400024,0.01410140186,False,old_sac
0.487785223,-0.004594000056,-0.002523999894,0.01631099917,0.01713254523,False,old_sac
0.49780954,-0.00181799999,-0.001521000057,0.009045000188,0.009350432799,False,old_sac
0.507833842,-0.001745000016,-0.00877400022,0.01384100039,0.01648033363,False,old_sac
0.517858163,0.003213000018,0.0008130000206,0.01384100039,0.01423227423,False,old_sac
0.52788247,0.003283000086,0.0007229999756,0.01384900045,0.01425116248,False,old_sac
0.537906769,0.0102479998,0.003350999905,0.01613399945,0.01940506734,False,old_sac
0.547931091,0.005510000046,0.0009710000013,0.0233169999,0.02397885372,False,old_sac
0.557955428,0.0002600000007,-0.00554799987,0.008661000058,0.01028886896,False,old_sac
0.56797966,0.0003250000009,0.006310000084,0.008662999608,0.01072237326,False,old_sac
0.578004043,-3.000000106e-06,0.003168999916,0.008941000327,0.009485992638,False,old_sac
0.588028353,0.004840000067,-0.003986000083,0.001759000006,0.006512133163,False,old_sac
0.598052584,-0.005185999908,0.008325000294,0.0116940001,0.01526269515,False,old_sac
0.608076966,0.002171,0.001156999962,0.01169599965,0.01195191607,False,old_sac
0.618101271,0.004614999983,0.001169999945,0.02366999909,0.02414406722,False,old_sac
0.628125502,0.002944000065,-0.001654000022,0.01137799956,0.01186851829,False,old_sac
0.638149884,-0.006444000173,-0.006517999806,0.006599999964,0.01129466508,False,old_sac
0.648174132,0.003307000035,-0.001820000005,0.01139499992,0.01200394404,False,old_sac
0.658198433,-0.000996000017,-0.0005150000216,0.01130599994,0.01136146451,False,old_sac
0.668222746,0.006250999868,0.01384800021,0.01130599994,0.01893852538,False,old_sac
0.678247053,0.00511199981,0.004017000087,0.001764000044,0.0067365071,False,old_sac
0.688271346,-0.00906100031,-0.00563800009,0.004164999817,0.011455828,False,old_sac
0.698295649,-0.004201999865,-0.0008350000135,0.01135099959,0.01213256855,False,old_sac
0.708320019,-0.0033809999,0.001002999954,0.02114499919,0.02143707443,False,old_sac
0.718344237,0.01092899963,0.001016999944,0.01156899985,0.01594738472,False,old_sac
0.728368543,-0.001606000005,0.001908999984,0.01362400036,0.01385051995,False,old_sac
0.738392856,-0.003920000046,0.004300999921,0.006442999933,0.008682007188,False,old_sac
0.748417163,0.001037999988,0.004313000012,0.00404800009,0.006005473987,False,old_sac
0.758441462,-0.0005610000226,0.002310999902,0.006142000202,0.006586319766,False,old_sac
0.768465756,-0.01005499996,0.01178199984,0.006144999992,0.01666372016,False,old_sac
0.778490064,-0.003144999966,0.01140800025,0.008857999928,0.01478166626,False,old_sac
0.788514372,0.00181799999,0.01379999984,0.01843699999,0.02310125729,False,old_sac
0.79853868,-0.0005050000036,0.001842999947,0.006469000131,0.006745341837,False,old_sac
0.808563002,-0.0001400000037,-0.002368000103,0.0157820005,0.01595927831,False,old_sac
0.818587314,-0.007139999885,0.01678100042,0.006209999789,0.01926514134,False,old_sac
0.828611391,0.0009019999998,-0.0007939999923,0.0113359997,0.01139951443,False,old_sac
0.838635914,0.01303400006,0.006397000048,0.0233079996,0.02746032797,False,old_sac
0.848660223,-0.0004759999865,0.0006830000202,0.01169100031,0.0117206038,False,old_sac
0.858684517,0.009252999909,0.005369999912,0.02367099933,0.02597635686,False,old_sac
0.86870882,0.00468399981,0.006302999798,0.00462799985,0.009115154595,False,old_sac
0.878733128,7.000000187e-05,-0.01052500028,0.004635000136,0.01150059812,False,old_sac
0.888757449,0.00388199999,-0.002991999965,0.01387500018,0.01471521721,False,old_sac
0.898781772,-0.003224000102,-0.01024600025,0.009093999863,0.01407393091,False,old_sac
0.90880608,-0.001189999981,-0.001856000046,-0.002784000011,0.00355126628,False,old_sac
0.91883017,-0.01057299972,-0.001942000003,0.01158799976,0.01580637294,False,old_sac
0.928854706,-0.0008210000233,-0.004426000174,0.01398899965,0.01469542887,False,old_sac
0.938879003,0.002410999965,0.0006120000035,0.01418299973,0.01439947729,False,old_sac
0.948903311,0.0001869999978,-0.0114310002,0.007003999781,0.0134074139,False,old_sac
0.958927388,-0.0009079999872,-0.006149000023,0.00675799977,0.009181787743,False,old_sac
0.968951919,0.004038999788,-0.006225000136,0.02351699956,0.02465995568,False,old_sac
0.978975998,0.002163999947,0.002237000037,-0.002894999925,0.004250657538,False,old_sac
0.989000534,0.009510000236,0.01181299984,-0.0004949999857,0.0151734009,False,old_sac
0.999024613,0.003442999907,-0.002543000039,0.01593500003,0.01649985829,False,old_sac
1.009048914,-0.001272000023,0.007027999964,0.02790899947,0.02880838453,False,old_sac
1.019073207,0.0002110000059,-0.0007980000228,0.004282000009,0.004360831241,False,old_sac
1.029097515,-0.002003999893,0.01116700005,0.01386400033,0.01791447489,False,old_sac
1.039122049,0.0001069999998,-7.500000356e-05,0.01899800077,0.01899845013,False,old_sac
1.049146128,0.007445000112,-0.004945000168,0.009430999868,0.01299326025,False,old_sac
1.059170433,0.01173800044,-0.0001230000053,0.004445999861,0.0125523981,False,old_sac
1.069194961,-5.700000111e-05,0.006949000061,0.00685099978,0.009758485991,False,old_sac
1.079219276,-0.0009139999747,0.002051000018,0.01369400043,0.01387687446,False,old_sac
1.089243353,-0.003125000047,0.006732000038,-0.0006619999767,0.007451422265,False,old_sac
1.099267659,-0.000663999992,0.004348999821,0.006521000061,0.007866265774,False,old_sac
1.10929197,0.001798999961,0.004259000067,0.008917000145,0.01004432049,False,old_sac
1.119316278,0.001979999943,0.002722000005,0.006643999834,0.007447980773,False,old_sac
1.129340586,-0.0002379999933,0.0002379999933,0.01143999957,0.01144494989,False,old_sac
1.139365124,-0.0001639999973,0.009707000107,0.01143999957,0.01500421065,False,old_sac
1.149389434,-0.002379999962,0.00243699993,0.01863100007,0.01893983981,False,old_sac
1.159413506,-1.999999949e-05,-4.600000102e-05,0.001874999958,0.001875670771,False,old_sac
1.169437812,0.002409999957,0.003229999915,0.0043899999,0.005959286733,False,old_sac
1.179462119,-0.01415899955,-0.01121199969,0.004395999946,0.01858792675,False,old_sac
1.189486427,-0.005086999852,-0.007023000158,0.009046999738,0.01253189144,False,old_sac
1.199510745,-0.007288999856,-0.002316999948,0.01862600073,0.02013519086,False,old_sac
1.209535052,-3.600000127e-05,0.002379999962,0.01863300055,0.01878441922,False,old_sac
1.219559346,-0.004650000017,0.0,0.00906100031,0.01018450916,False,old_sac
1.229583653,-0.0004130000016,-0.004383999854,-0.0103219999,0.01122201879,False,old_sac
1.239607981,-0.0003429999924,0.00520600006,0.01122699957,0.01238004867,False,old_sac
1.249632289,-0.007337000221,0.007495999802,0.006446000189,0.01231147853,False,old_sac
1.259656602,-0.0001239999983,-0.0004400000034,0.01152800024,0.01153706052,False,old_sac
1.269680909,-0.004842000082,0.001967000077,0.01391899958,0.01486783789,False,old_sac
1.279705213,0.002398000099,-0.005183999892,-0.002837999957,0.00637797014,False,old_sac
1.289729521,-9.500000306e-05,0.0001760000014,0.01124399994,0.01124577857,False,old_sac
1.299753829,-0.004697999917,0.007356999908,0.008856999688,0.01243555766,False,old_sac
1.309778137,-0.002128999913,-0.002308999887,0.008859000169,0.009399255561,False,old_sac
1.319802444,0.0004389999958,0.004782000091,0.006473000161,0.008059775242,False,old_sac
1.329826751,-0.003507999936,7.200000255e-05,0.006676000077,0.007541897943,False,old_sac
1.339851058,-0.003533999901,0.007147000171,0.01146699954,0.01396641848,False,old_sac
1.349875365,0.001326999976,-0.002411999973,0.01146699954,0.01179282626,False,old_sac
1.359899672,0.007288000081,0.01460599992,0.01162199955,0.02003799023,False,old_sac
1.36992398,-0.004497000016,0.007420999929,-0.0003410000063,0.008683923658,False,old_sac
1.379948303,4.700000136e-05,-0.001485000015,0.008941000327,0.009063604189,False,old_sac
1.389972616,0.007385000121,-0.001465999987,0.004158999771,0.008601433708,False,old_sac
1.399996924,-0.001954999985,-9.10000017e-05,0.02086899988,0.02096056922,False,old_sac
1.410021232,-0.001882000011,0.009479999542,0.03523699939,0.03653845155,False,old_sac
1.420045769,0.00308299996,-7.899999764e-05,0.01608500071,0.01637798454,False,old_sac
1.430069833,0.0001480000064,0.004085000139,0.01396299992,0.01454903766,False,old_sac
1.440094154,-0.009336999618,-0.005462999921,-0.0004009999975,0.01082518965,False,old_sac
1.450118462,-0.001787999994,-0.001770999981,0.009077999741,0.00942037495,False,old_sac
1.460142764,-0.001616999973,0.0005290000117,0.01627000049,0.01635871162,False,old_sac
1.470167072,-0.003932999913,0.00520899985,0.004304000176,0.007818349267,False,old_sac
1.48019138,-0.0002619999868,0.0001189999966,0.006740000099,0.006746140106,False,old_sac
1.490215687,-0.01214099955,0.004918000195,0.02110300027,0.02483801957,False,old_sac
1.500239995,0.001563000027,0.001972999889,-0.005369999912,0.005930648927,False,old_sac
1.510264312,0.008903999813,0.006765000056,0.0137860002,0.01775106306,False,old_sac
1.520288649,-0.005470000207,-0.002036999911,0.0162499994,0.01726652112,False,old_sac
1.530312971,-0.0006099999882,0.007534000091,-0.005293999799,0.009228200866,False,old_sac
1.540337203,0.006157000083,-0.001034999965,-0.003129000077,0.00698358908,False,old_sac
1.550361586,-0.01061999984,-0.001020999975,0.01123400033,0.01549288872,False,old_sac
1.560385895,-0.0001219999976,0.0007699999842,0.01148200035,0.01150843673,False,old_sac
1.570410203,0.002338000108,-0.006376000121,0.009084999561,0.01134269981,False,old_sac
1.580434511,0.00501499977,0.0007179999957,-0.0004820000031,0.005089014707,False,old_sac
1.590458819,-0.000257000007,0.0002300000051,0.01150400005,0.01150916879,False,old_sac
1.600483136,0.009374000132,-0.002245000098,0.01150699984,0.01501076112,False,old_sac
1.610507438,-0.0004049999989,-0.001053999993,-0.007553000003,0.007636933287,False,old_sac
1.620531745,0.004557000007,-0.00114399998,0.009212999605,0.01034187346,False,old_sac
1.630556053,-0.01450200006,-0.001230000053,-0.0003579999902,0.01455847073,False,old_sac
1.640580361,-0.002348999958,0.001183000044,0.01161300018,0.01190710138,False,old_sac
1.650604669,-0.002278999891,-0.001196000027,0.02119299956,0.0213487116,False,old_sac
1.660628987,0.0003290000022,0.001398999942,0.009021000005,0.009134762336,False,old_sac
1.670653299,0.002790000057,0.001411000034,0.01381000038,0.01415948911,False,old_sac
1.680677622,-0.004209999926,-0.01063099969,0.009029000066,0.01456932037,False,old_sac
1.69070193,0.0006719999947,-0.001456000027,-0.004997000098,0.005248002482,False,old_sac
1.700726257,0.003133000107,-0.01807699911,0.00936399959,0.02059801143,False,old_sac
1.71075055,0.0004809999955,-0.0002379999933,0.01141600031,0.01142860745,False,old_sac
1.720774856,-0.006508000195,-0.005102000199,0.01142800041,0.01410615702,False,old_sac
1.730799183,-0.001570999972,0.001165000023,0.01891599968,0.01901684279,False,old_sac
1.74082348,0.01055500004,-0.001316000009,0.004556000233,0.01157138799,False,old_sac
1.750847788,0.00114399998,-0.0004349999945,0.00665399991,0.006765624565,False,old_sac
1.760872101,0.01327,-0.0004199999967,0.01383600011,0.0191756147,False,old_sac
1.770896414,0.0008069999749,-0.0001189999966,-0.003120000008,0.003224873643,False,old_sac
1.780920722,-0.01586100087,-0.002495999914,-0.003120000008,0.01635652054,False,old_sac
1.79094503,-0.0009180000052,0.002200999996,0.01158799976,0.01183084373,False,old_sac
1.800969342,-0.003233999945,-0.005053000059,0.02595300041,0.02663737591,False,old_sac
1.810993636,0.0003089999955,-0.002091000089,0.006484999787,0.006820775954,False,old_sac
1.821017944,-0.01625500061,0.0003169999982,0.01128100045,0.01978854479,False,old_sac
1.831042257,-0.004509000108,-0.002984999912,-0.003055999987,0.006211315671,False,old_sac
1.841066565,0.005129000172,0.01137600001,0.006521999836,0.01408035869,False,old_sac
1.851090877,0.0008159999852,0.003789999988,0.00675200019,0.007785850143,False,old_sac
1.861115184,-0.006283000112,-0.00347399991,0.006756000221,0.009858412893,False,old_sac
1.871139448,-0.003818999976,0.001222999999,0.004366999958,0.005928842926,False,old_sac
1.881163755,0.001337999944,0.002524999902,0.01624899916,0.01649835877,False,old_sac
1.891188063,0.003696999978,0.0001460000058,0.01385399979,0.01433954096,False,old_sac
1.901212361,0.01103700045,0.004836000036,0.001891999971,0.01219762023,False,old_sac
1.911236645,-0.0007590000168,0.002456000075,0.01386700012,0.01410325174,False,old_sac
1.921260953,0.001180000021,-0.001717000036,0.004637000151,0.00508352826,False,old_sac
1.931285261,0.01799199916,-0.0088759996,0.02139900066,0.02933279107,False,old_sac
1.941309569,0.00887400005,-0.005042000208,0.006719999947,0.01221998536,False,old_sac
1.951333877,-0.00540000014,-0.0003399999987,0.01869300008,0.01946031483,False,old_sac
1.961358079,-0.002936000004,-0.002824000083,0.01630499959,0.01680619184,False,old_sac
1.971382688,0.004420000128,-0.0005200000014,0.01391999982,0.0146141437,False,old_sac
1.981406977,-0.00207799999,0.000383000006,0.01888000034,0.01899787319,False,old_sac
1.991431054,0.002884000074,0.0003969999962,0.01649300009,0.0167479586,False,old_sac
2.001455365,0.0125190001,0.009875000454,0.01649799943,0.02294395307,False,old_sac
2.011479898,0.0005200000014,0.002341999905,0.009523999877,0.009821503817,False,old_sac
