t_s,lat,lon,alt,alt_wgs84,speed,direction,distance,h_acc,v_acc,satellites,location_id
0.070509923,26.1892781,91.7023811,67.49403533,23.70000076,,,0.0,100.0,81.3870163,-1.0,barak_umium
0.249989923,26.1892781,91.7023811,67.49403533,23.70000076,,,0.0,100.0,81.45001984,-1.0,barak_umium
0.263603769,26.1892781,91.7023811,67.49403533,23.70000076,,,0.0,100.0,81.45456696,-1.0,barak_umium
20.27723023,26.1892781,91.7023811,67.49403533,23.70000076,,,0.0,100.0,88.45947266,-1.0,barak_umium
40.28362654,26.1892781,91.7023811,67.49403533,23.70000076,,,,100.0,95.46157074,-1.0,barak_umium
0.077601923,26.1843492,91.691139,64.08832343,20.30000114,,,0.0,100.0,56.93926239,-1.0,core_4
0.276243154,26.1843492,91.691139,64.08832343,20.30000114,,,0.0,100.0,57.00890732,-1.0,core_4
0.303309923,26.1843492,91.691139,64.08832343,20.30000114,,,0.03260232963,100.0,57.01836014,-1.0,core_4
4.214580923,26.18444,91.69082833,25.08860546,-18.7,0.0,0.0,0.03715338467,8.899999619,108.9000015,9.0,core_4
5.215072923,26.18444667,91.69087333,30.58860266,-13.2,0.0,0.0,0.04048119101,5.5,56.29999924,12.0,core_4
6.217305231,26.18442167,91.69089167,36.48854808,-7.3,0.2290513963,189.8600006,0.04162187439,4.800000191,46.09999847,12.0,core_4
7.218312923,26.18443,91.690885,37.48856647,-6.3,0.1497841626,190.7200012,0.04162187439,4.599999905,47.20000076,14.0,core_4
8.644242462,26.18443,91.690885,19.88856647,-23.9,0.1770644486,245.2599945,0.04162187439,4.099999905,50.09999847,17.0,core_4
9.648354847,26.18443,91.690885,17.18856647,-26.6,0.1714024991,262.3200073,0.04162187439,4.0,47.09999847,17.0,core_4
10.64310439,26.18443,91.690885,33.78856647,-10.0,0.1358866692,304.8800049,0.04162187439,8.600000381,98.19999695,19.0,core_4
12.54425054,26.18443,91.690885,31.48856647,-12.3,0.0,304.8800049,0.04162187439,5.300000191,45.09999847,24.0,core_4
13.544109,26.18443,91.690885,32.88856647,-10.9,0.0,304.8800049,0.04162187439,4.5,37.09999847,24.0,core_4
14.54064862,26.18443,91.690885,34.28856647,-9.5,0.0,304.8800049,0.04162187439,4.099999905,33.29999924,25.0,core_4
15.54593823,26.18443,91.690885,34.28856647,-9.5,0.0,304.8800049,0.04162187439,3.799999952,31.79999924,25.0,core_4
16.54326408,26.18443,91.690885,35.48856647,-8.3,0.0,304.8800049,0.04162187439,3.5,29.70000076,25.0,core_4
17.53774469,26.18443,91.690885,36.08856647,-7.7,0.0,304.8800049,0.04162187439,3.299999952,29.70000076,27.0,core_4
18.54369546,26.18443,91.690885,36.98856647,-6.8,0.0,304.8800049,0.04162187439,3.099999905,29.20000076,26.0,core_4
19.54429692,26.18443,91.690885,37.38856647,-6.4,0.0,304.8800049,0.04162187439,3.0,28.20000076,27.0,core_4
20.54442192,26.18443,91.690885,37.68856647,-6.1,0.0,304.8800049,0.04162187439,2.900000095,28.0,27.0,core_4
21.54223785,26.18443,91.690885,38.58856647,-5.2,0.0,304.8800049,0.04162187439,2.700000048,25.39999962,28.0,core_4
22.54350131,26.18443,91.690885,37.98856647,-5.8,0.0,304.8800049,0.04162187439,2.599999905,23.29999924,27.0,core_4
23.54360154,26.18443,91.690885,37.68856647,-6.1,0.0,304.8800049,0.04162187439,2.599999905,23.0,26.0,core_4
24.54327416,26.18443,91.690885,35.18856647,-8.6,0.0,304.8800049,0.04162187439,2.5,22.29999924,26.0,core_4
25.544497,26.18443,91.690885,33.28856647,-10.5,0.0,304.8800049,0.04162187439,2.400000095,22.39999962,25.0,core_4
26.54460646,26.18443,91.690885,33.48856647,-10.3,0.0,304.8800049,0.04162187439,2.400000095,22.39999962,25.0,core_4
27.54407639,26.18443,91.690885,33.68856647,-10.1,0.0,304.8800049,,2.400000095,23.20000076,24.0,core_4
0.077611669,26.1878438,91.6962687,,,,,0.0,100.0,0.0,-1.0,kv_gate
1.571424077,26.1878438,91.6962687,,,,,0.401523124,110.451004,0.0,-1.0,kv_gate
4.203638462,26.18427167,91.69568,59.88659165,16.1,0.483838886,291.0100098,0.4024335248,5.5,26.89999962,16.0,kv_gate
4.704306462,26.18426833,91.69568833,58.38658229,14.6,0.273317486,294.8299866,0.4071370283,4.800000191,22.70000076,14.0,kv_gate
6.208398231,26.18424,91.69572333,54.28651518,10.5,0.1003708318,259.9899902,0.4071370283,3.400000095,15.69999981,23.0,kv_gate
8.189534231,26.18424,91.69572333,50.98651518,7.2,0.03242750093,138.1499939,0.4071370283,2.900000095,14.39999962,23.0,kv_gate
9.195089847,26.18424,91.69572333,50.28651518,6.5,0.06331083179,167.4600067,0.4141802914,2.599999905,14.0,24.0,kv_gate
10.191789,26.18419,91.69576667,47.98640317,4.2,0.08441444486,217.9900055,0.4150118257,2.400000095,13.89999962,26.0,kv_gate
11.19000492,26.18419,91.695775,46.68640026,2.9,0.076178886,238.2599945,0.4150118257,2.299999952,14.0,29.0,kv_gate
12.19038254,26.18419,91.695775,45.88640026,2.1,0.07257582992,218.8000031,0.4150118257,2.200000048,14.0,31.0,kv_gate
13.189973,26.18419,91.695775,45.38640026,1.6,0.06434027851,255.5700073,0.4150118257,2.099999905,14.10000038,31.0,kv_gate
14.18840338,26.18419,91.695775,44.88640026,1.1,0.06485500187,237.9600067,0.4150118257,2.099999905,14.19999981,31.0,kv_gate
15.18985639,26.18419,91.695775,44.58640026,0.8,0.0,237.9600067,0.4150118257,2.0,14.5,31.0,kv_gate
16.18738985,26.18419,91.695775,44.48640026,0.7,0.0,237.9600067,0.4150118257,2.0,14.39999962,31.0,kv_gate
17.18897608,26.18419,91.695775,44.28640026,0.5,0.0,237.9600067,0.4150118257,1.899999976,14.39999962,31.0,kv_gate
18.18973539,26.18419,91.695775,44.08640026,0.3,0.0,237.9600067,0.4150118257,1.899999976,14.5,31.0,kv_gate
19.18900408,26.18419,91.695775,43.88640026,0.1,0.0,237.9600067,0.4150118257,1.899999976,14.19999981,31.0,kv_gate
20.18981146,26.18419,91.695775,43.78640026,0.0,0.0,237.9600067,0.4150118257,1.899999976,14.10000038,32.0,kv_gate
21.19211385,26.18419,91.695775,43.68640026,-0.1,0.0,237.9600067,0.4150118257,1.899999976,14.39999962,31.0,kv_gate
22.18814623,26.18419,91.695775,43.38640026,-0.4,0.0,237.9600067,0.4150118257,1.899999976,14.69999981,31.0,kv_gate
23.19051208,26.18419,91.695775,42.98640026,-0.8,0.0,237.9600067,0.4176727356,1.799999952,14.5,33.0,kv_gate
24.19029477,26.18419,91.69580167,42.58639097,-1.2,0.0,237.9600067,,1.799999952,14.10000038,33.0,kv_gate
25.18393754,26.18419,91.69580167,42.68639097,-1.1,0.0,237.9600067,,1.799999952,14.39999962,33.0,kv_gate
1.417657762,26.1891366,91.6925665,63.19707452,19.40000153,,,0.0,110.0,23.40140533,-1.0,lecture_hall_lake
1.538000385,26.1891366,91.6925665,63.19707452,19.40000153,,,0.06758957268,110.8399963,23.5694046,-1.0,lecture_hall_lake
2.721800385,26.188965,91.69191667,42.79696123,-1.0,0.4066305459,308.3500061,0.07023165183,6.5,51.59999847,14.0,lecture_hall_lake
3.223176616,26.18898833,91.69191167,40.29700796,-3.5,0.3402313888,307.1499939,0.0709913759,3.700000048,26.79999924,15.0,lecture_hall_lake
4.227812924,26.18898167,91.69191333,41.49699453,-2.3,0.1086063907,325.0100098,0.07173837596,3.200000048,22.60000038,19.0,lecture_hall_lake
5.227934154,26.18897667,91.69191833,42.49698319,-1.3,0.09522361308,98.04000092,0.07214462335,2.799999952,21.60000038,23.0,lecture_hall_lake
6.227613001,26.18897333,91.69192,42.39697619,-1.4,0.2239041626,113.4000015,0.07214462335,2.599999905,22.5,23.0,lecture_hall_lake
7.227191693,26.18897333,91.69192,43.59697619,-0.2,0.304715544,118.3799973,0.07214462335,2.400000095,23.0,26.0,lecture_hall_lake
8.227612308,26.18897333,91.69192,44.09697619,0.3,0.2666261196,115.4499969,0.07214462335,2.299999952,23.29999924,26.0,lecture_hall_lake
9.22964377,26.18897333,91.69192,44.39697619,0.6,0.1750055552,111.3099976,0.07214462335,2.200000048,23.0,27.0,lecture_hall_lake
10.22675854,26.18897333,91.69192,44.49697619,0.7,0.0,111.3099976,0.07214462335,2.200000048,23.89999962,27.0,lecture_hall_lake
11.22885454,26.18897333,91.69192,44.19697619,0.4,0.0,111.3099976,0.07214462335,2.200000048,22.89999962,28.0,lecture_hall_lake
12.22753023,26.18897333,91.69192,44.19697619,0.4,0.0,111.3099976,0.07214462335,2.0,22.5,28.0,lecture_hall_lake
13.51856531,26.18897333,91.69192,43.69697619,-0.1,0.0,111.3099976,0.07214462335,2.0,21.79999924,29.0,lecture_hall_lake
14.51798831,26.18897333,91.69192,43.09697619,-0.7,0.0,111.3099976,0.07214462335,1.899999976,22.5,28.0,lecture_hall_lake
15.51780469,26.18897333,91.69192,42.99697619,-0.8,0.0,111.3099976,0.07214462335,1.899999976,22.89999962,29.0,lecture_hall_lake
16.51680531,26.18897333,91.69192,42.99697619,-0.8,0.0,111.3099976,0.07214462335,1.899999976,23.70000076,30.0,lecture_hall_lake
17.51736469,26.18897333,91.69192,42.89697619,-0.9,0.0,111.3099976,0.07214462335,1.899999976,22.70000076,30.0,lecture_hall_lake
18.51856831,26.18897333,91.69192,42.79697619,-1.0,0.0,111.3099976,0.07214462335,1.799999952,22.60000038,30.0,lecture_hall_lake
19.51783885,26.18897333,91.69192,42.69697619,-1.1,0.0,111.3099976,0.07214462335,1.799999952,22.5,30.0,lecture_hall_lake
20.51739508,26.18897333,91.69192,42.69697619,-1.1,0.0,111.3099976,0.07214462335,1.799999952,23.10000038,30.0,lecture_hall_lake
21.51600008,26.18897333,91.69192,42.59697619,-1.2,0.0,111.3099976,0.07214462335,1.799999952,23.10000038,30.0,lecture_hall_lake
22.51981446,26.18897333,91.69192,42.49697619,-1.3,0.0,111.3099976,0.07214462335,1.700000048,23.39999962,30.0,lecture_hall_lake
23.51728308,26.18897333,91.69192,42.29697619,-1.5,0.0,111.3099976,0.07214462335,1.700000048,23.70000076,30.0,lecture_hall_lake
24.51832285,26.18897333,91.69192,42.29697619,-1.5,0.0,111.3099976,0.07214462335,1.700000048,24.89999962,30.0,lecture_hall_lake
25.51823939,26.18897333,91.69192,42.19697619,-1.6,0.0,111.3099976,,1.799999952,26.29999924,29.0,lecture_hall_lake
2.177889246,26.1933737,91.6955459,66.60427953,22.80000114,,,0.0,21.17900085,1.624039888,-1.0,old_sac
2.328914847,26.1933737,91.6955459,66.60427953,22.80000114,,,0.007404755564,22.23600006,1.83543992,-1.0,old_sac
3.679012616,26.19342833,91.69558833,49.40437032,5.6,0.3361136019,2.440000057,0.02470436111,5.0,20.70000076,15.0,old_sac
4.677815155,26.19328667,91.69551667,44.80411932,1.0,0.3402313888,338.1300049,0.03385052471,4.300000191,17.70000076,17.0,old_sac
5.681679078,26.19328667,91.69560833,44.50408918,0.7,0.1137536094,338.1300049,0.03434940636,3.5,12.89999962,25.0,old_sac
6.680558155,26.19328667,91.69560333,44.10409082,0.3,0.08184083551,338.1300049,0.03434940636,3.400000095,14.10000038,27.0,old_sac
7.679676309,26.19328667,91.69560333,43.50409082,-0.3,0.04323666543,338.1300049,0.03557104885,3.400000095,15.19999981,29.0,old_sac
8.680169232,26.19328333,91.69559167,42.9040882,-0.9,0.05147222057,338.1300049,0.0359517849,3.400000095,15.80000019,29.0,old_sac
9.678838155,26.193285,91.69558833,42.60409253,-1.2,0.09625305235,338.1300049,0.03613710978,3.0,15.80000019,29.0,old_sac
10.88042677,26.19328333,91.69558833,42.3040893,-1.5,0.1163272187,338.1300049,0.03613710978,2.900000095,16.10000038,29.0,old_sac
11.88103323,26.19328333,91.69558833,42.3040893,-1.5,0.07309055328,338.1300049,0.03613710978,2.900000095,16.29999924,29.0,old_sac
12.88185416,26.19328333,91.69558833,42.2040893,-1.6,0.1055180579,338.1300049,0.03613710978,2.799999952,16.29999924,31.0,old_sac
13.88171569,26.19328333,91.69558833,41.9040893,-1.9,0.08441444486,338.1300049,0.03682761961,2.700000048,16.29999924,31.0,old_sac
14.88089546,26.19328167,91.69558167,41.80408826,-2.0,0.02161833271,338.1300049,,2.599999905,16.29999924,31.0,old_sac
