t_s,tilt_updown,tilt_leftright,location_id
0.151702019,0.1458304692,0.7684035278,barak_umium
0.651702019,0.2493744484,0.7977187914,barak_umium
1.151702019,0.4180247681,0.5996873249,barak_umium
1.651702019,0.1699639251,0.8050569948,barak_umium
2.151702019,0.1581806696,0.8099322008,barak_umium
2.651702019,0.1746763807,0.789804296,barak_umium
3.151702019,0.1806420805,0.8304611248,barak_umium
3.651702019,0.1815720114,0.8238690684,barak_umium
4.151702019,0.1720536258,0.8465031122,barak_umium
4.651702019,0.1791221628,0.8358051975,barak_umium
5.151702019,0.2071504065,0.836855131,barak_umium
5.651702019,0.1652339011,0.8332591101,barak_umium
6.151702019,0.1690596484,0.8118427322,barak_umium
6.651702019,0.1583690936,0.817603588,barak_umium
7.151702019,0.1690781161,0.8389598104,barak_umium
7.651702019,0.2111119443,0.8209060148,barak_umium
8.151702019,0.1839241445,0.8116962499,barak_umium
8.651702019,0.1722489655,0.8400388996,barak_umium
9.151702019,0.1925136573,0.8066319398,barak_umium
9.651702019,0.1556776178,0.8412135486,barak_umium
10.15170202,0.1710529926,0.8030093605,barak_umium
11.15170202,0.164383984,0.8275531728,barak_umium
12.15170202,0.1623667109,0.8259163992,barak_umium
12.65170202,0.1543213919,0.8353767332,barak_umium
13.15170202,0.1527471843,0.8375740554,barak_umium
13.65170202,0.1765471133,0.8129643399,barak_umium
14.15170202,0.1934311536,0.8133213525,barak_umium
14.65170202,0.1455509832,0.8247337251,barak_umium
15.15170202,0.1778551388,0.8135622797,barak_umium
15.65170202,0.16812966,0.8202341812,barak_umium
16.15170202,0.1621957838,0.845166074,barak_umium
16.65170202,0.1582502722,0.8287910409,barak_umium
17.15170202,0.1721525608,0.8152304714,barak_umium
17.65170202,0.1342365213,0.8152766566,barak_umium
18.15170202,0.1641393395,0.8020340633,barak_umium
18.65170202,0.1536060591,0.8160700072,barak_umium
19.15170202,0.179801846,0.8196916348,barak_umium
19.65170202,0.1571830769,0.8088802588,barak_umium
20.15170202,0.1548399183,0.8233440501,barak_umium
20.65170202,0.1641015175,0.8326932624,barak_umium
21.15170202,0.179070144,0.8273425629,barak_umium
21.65170202,0.1758463263,0.8197372545,barak_umium
22.15170202,0.1701291245,0.8058393852,barak_umium
22.65170202,0.1591129036,0.8234858298,barak_umium
0.164088753,-0.3565990356,1.59422878,core_4
0.664088753,-0.4166223092,1.627806675,core_4
1.164088753,-0.3465578366,1.625470015,core_4
1.664088753,-0.329447937,1.640524434,core_4
2.164088753,-0.3663884414,1.587639487,core_4
2.664088753,-0.359895428,1.581255013,core_4
3.164088753,-0.3614726219,1.570732818,core_4
3.664088753,-0.3334222786,1.588957429,core_4
4.164088753,-0.3165262403,1.56705838,core_4
4.664088753,-0.341605426,1.571811188,core_4
5.164088753,-0.3382317526,1.548663212,core_4
5.664088753,-0.3352618575,1.522008387,core_4
6.164088753,-0.3489278864,1.520940261,core_4
6.664088753,-0.3625350864,1.520848539,core_4
7.164088753,-0.344015677,1.527862736,core_4
7.664088753,-0.3303965292,1.510280728,core_4
8.164088753,-0.3382377862,1.483369518,core_4
8.664088753,-0.3079736064,1.503855449,core_4
9.164088753,-0.3115075745,1.499194297,core_4
9.664088753,-0.3185234366,1.47302589,core_4
10.16408875,-0.3147172423,1.474898647,core_4
11.16408875,-0.3059161877,1.457042263,core_4
11.66408875,-0.3259850431,1.452787916,core_4
12.66408875,-0.342922462,1.438206098,core_4
13.16408875,-0.319497759,1.44271152,core_4
14.16408875,-0.3218567393,1.442803505,core_4
14.66408875,-0.3283795958,1.421240831,core_4
15.16408875,-0.3215234087,1.424216402,core_4
15.66408875,-0.3065681286,1.394995046,core_4
16.16408875,-0.2929427924,1.409757376,core_4
16.66408875,-0.2998895451,1.386621543,core_4
17.16408875,-0.3036316115,1.405725029,core_4
17.66408875,-0.2843153412,1.398821985,core_4
18.16408875,-0.3028984547,1.36730211,core_4
18.66408875,-0.3046329031,1.384106701,core_4
19.16408875,-0.3177431078,1.32891778,core_4
19.66408875,-0.2912804417,1.343338448,core_4
20.16408875,-0.3253322652,1.352245361,core_4
20.66408875,-0.2782056315,1.342442125,core_4
21.16408875,-0.302956904,1.354078674,core_4
21.66408875,-0.3030566689,1.342918395,core_4
22.16408875,-0.2775282316,1.321944193,core_4
0.154720818,-0.8948559588,14.50236889,kv_gate
0.654720818,-3.896979415,-6.154822953,kv_gate
1.154720818,22.41397807,13.67916781,kv_gate
1.654720818,7.796004055,-1.234730535,kv_gate
2.154720818,5.124713041,-0.08654210306,kv_gate
2.654720818,4.982607572,-0.2798338631,kv_gate
3.154720818,4.902539117,-0.2980036185,kv_gate
3.654720818,4.896164675,-0.2872440992,kv_gate
4.154720818,4.87201653,-0.3148200935,kv_gate
4.654720818,4.809451769,-0.3009188589,kv_gate
5.154720818,4.791185867,-0.3158254822,kv_gate
5.654720818,4.776066147,-0.3254740644,kv_gate
6.154720818,4.759309492,-0.3236070868,kv_gate
6.654720818,4.736087066,-0.3540450829,kv_gate
7.154720818,4.715640104,-0.3217883865,kv_gate
7.654720818,4.72500895,-0.3226252944,kv_gate
8.154720818,4.688361958,-0.3177900884,kv_gate
8.654720818,4.704186185,-0.3401173065,kv_gate
9.154720818,4.674317732,-0.3317565021,kv_gate
9.654720818,4.658624097,-0.3205605701,kv_gate
10.15472082,4.636246796,-0.3080167886,kv_gate
11.15472082,4.646253671,-0.3353027043,kv_gate
11.65472082,4.645428716,-0.3200048088,kv_gate
12.65472082,4.633255634,-0.3215742415,kv_gate
13.15472082,4.579349971,-0.3232900308,kv_gate
14.15472082,4.599553287,-0.3253907926,kv_gate
14.65472082,4.573758201,-0.3389228819,kv_gate
15.15472082,4.547752774,-0.3185566443,kv_gate
15.65472082,4.577929806,-0.3467702123,kv_gate
16.15472082,4.541013091,-0.3478734216,kv_gate
16.65472082,4.546917094,-0.3115590727,kv_gate
17.15472082,4.556144753,-0.3291679656,kv_gate
17.65472082,4.588794519,-0.3517857977,kv_gate
18.15472082,4.54363461,-0.3457690359,kv_gate
18.65472082,4.513525003,-0.3465354381,kv_gate
19.15472082,4.510593843,-0.3379693929,kv_gate
19.65472082,4.521473751,-0.3407057312,kv_gate
20.15472082,4.501445585,-0.3351708464,kv_gate
20.65472082,4.523878127,-0.3292142559,kv_gate
21.15472082,4.483378443,-0.3479318641,kv_gate
21.65472082,4.49590555,-0.3183936747,kv_gate
22.15472082,4.497290859,-0.3184906271,kv_gate
0.154762983,1.980507118,-2.963582565,lecture_hall_lake
0.654762983,1.946329418,-3.019545106,lecture_hall_lake
1.154762983,1.947266896,-3.010873214,lecture_hall_lake
1.654762983,1.943143571,-2.9915065,lecture_hall_lake
2.154762983,1.954743069,-3.015039626,lecture_hall_lake
2.654762983,1.938484745,-3.024704739,lecture_hall_lake
3.154762983,1.951998156,-3.009855643,lecture_hall_lake
3.654762983,1.969236409,-3.026188516,lecture_hall_lake
4.154762983,1.956142222,-3.001374343,lecture_hall_lake
4.654762983,1.97334896,-3.015994975,lecture_hall_lake
5.154762983,1.971301997,-3.019561785,lecture_hall_lake
5.654762983,1.986971548,-3.003026469,lecture_hall_lake
6.154762983,1.953613774,-2.992376216,lecture_hall_lake
6.654762983,1.984000792,-2.98847636,lecture_hall_lake
7.154762983,1.978343999,-3.000125923,lecture_hall_lake
7.654762983,1.959859344,-2.98553427,lecture_hall_lake
8.154762983,1.972843225,-3.00021217,lecture_hall_lake
8.654762983,1.975808104,-2.979362808,lecture_hall_lake
9.154762983,1.959010933,-3.001351029,lecture_hall_lake
9.654762983,1.975090589,-3.017259603,lecture_hall_lake
10.15476298,1.952843681,-2.993234393,lecture_hall_lake
11.15476298,1.967286855,-2.990873157,lecture_hall_lake
11.65476298,2.001568053,-2.982835156,lecture_hall_lake
12.65476298,1.980372371,-2.977635342,lecture_hall_lake
13.15476298,1.963186072,-2.999889852,lecture_hall_lake
14.15476298,1.970256684,-2.986107851,lecture_hall_lake
14.65476298,1.98802673,-2.969434074,lecture_hall_lake
15.15476298,1.995970195,-2.966184946,lecture_hall_lake
15.65476298,1.986029386,-2.985514284,lecture_hall_lake
16.15476298,1.974984516,-2.968979092,lecture_hall_lake
16.65476298,1.994903858,-3.004157357,lecture_hall_lake
17.15476298,1.96450731,-2.966071251,lecture_hall_lake
17.65476298,1.978701448,-2.985735584,lecture_hall_lake
18.15476298,1.998232998,-2.975716876,lecture_hall_lake
18.65476298,1.992087167,-2.980413375,lecture_hall_lake
19.15476298,1.972374186,-2.975084841,lecture_hall_lake
19.65476298,1.987550545,-2.997455248,lecture_hall_lake
20.15476298,1.938355024,-2.968684205,lecture_hall_lake
20.65476298,1.974438877,-2.982869198,lecture_hall_lake
21.15476298,1.960001336,-2.948587152,lecture_hall_lake
21.65476298,1.973358682,-2.971443078,lecture_hall_lake
22.15476298,1.981630511,-2.988513855,lecture_hall_lake
22.65476298,1.953344771,-2.971643293,lecture_hall_lake
23.15476298,1.975711671,-2.979794845,lecture_hall_lake
0.163244503,0.1581781235,1.083393785,old_sac
0.663244503,0.1440805879,1.067358446,old_sac
1.163244503,0.1169389341,1.082251394,old_sac
1.663244503,0.1145995779,1.069376017,old_sac
2.163244503,0.1245222061,1.092832568,old_sac
2.663244503,0.123489371,1.06999336,old_sac
3.163244503,0.1333238624,1.068075436,old_sac
3.663244503,0.1156960635,1.113874055,old_sac
4.163244503,0.1275198018,1.103138207,old_sac
4.663244503,0.1251472975,1.096283432,old_sac
5.163244503,0.1206686463,1.082676612,old_sac
5.663244503,0.1237614136,1.064782487,old_sac
6.163244503,0.128552779,1.062485597,old_sac
6.663244503,0.1196024208,1.082806824,old_sac
7.163244503,0.1003558131,1.079976403,old_sac
7.663244503,0.1170343617,1.051001188,old_sac
8.163244503,0.1265486066,1.091899309,old_sac
8.663244503,0.09948771674,1.067215774,old_sac
9.163244503,0.1351735529,1.081387318,old_sac
9.663244503,0.1295349593,1.093606127,old_sac
10.6632445,0.1139701248,1.080251762,old_sac
11.1632445,0.1100961396,1.091311614,old_sac
12.1632445,0.1100603751,1.094040988,old_sac
12.6632445,0.1180812217,1.067723809,old_sac
13.6632445,0.08388877034,1.079465984,old_sac
14.1632445,0.0729007452,1.082864075,old_sac
14.6632445,0.08575653024,1.090598681,old_sac
15.1632445,0.1152926725,1.070684125,old_sac
15.6632445,0.1088466523,1.091988191,old_sac
16.1632445,0.1227223205,1.084065582,old_sac
16.6632445,0.1237576261,1.076288821,old_sac
17.1632445,0.110897744,1.108256156,old_sac
17.6632445,0.1177259124,1.074562803,old_sac
18.1632445,0.09146813632,1.095877679,old_sac
18.6632445,0.09250226566,1.062851338,old_sac
19.1632445,0.08560759976,1.061501224,old_sac
19.6632445,0.08941774175,1.067004382,old_sac
20.1632445,0.127717644,1.097012041,old_sac
