location_id,kind,source_file,sha256,start_ist,end_ist,device,android_release,phyphox_version,accelerometer
old_sac,accel,old_sac_accelaration(without g).zip,842c2e6235fa9ec299fe7b1a54a62ab377275d56df4104e5c7cb37de98c732ca,2026-09-26 19:57:11.108999968+05:30,2026-09-26 20:00:32.232000113+05:30,vivo V2545,16,1.2.1,tdk icm42607_acc
old_sac,incl,old sac Inclination.zip,5b742fa5e1674c21f2ba60766528158765a1ec2f65d1c009769df3ed2afa748d,2026-09-26 20:03:13.763000011+05:30,2026-09-26 20:03:34.121000051+05:30,vivo V2545,16,1.2.1,tdk icm42607_acc
old_sac,gps,Old sac Location (GPS).zip,f040c94e604210dc250f65101ea80b1754b09067d45d83135181d01876748543,2026-09-26 20:04:06.062999964+05:30,2026-09-26 20:04:21.959000111+05:30,vivo V2545,16,1.2.1,tdk icm42607_acc
kv_gate,accel,KV gate Acceleration (without g).zip,ec010893f2bbd881f0598d3cebe7d9273a7b0add91f15f8e4fb3d1fe06209e45,2026-09-26 20:12:14.289000034+05:30,2026-09-26 20:15:40.375000+05:30,vivo V2545,16,1.2.1,tdk icm42607_acc
kv_gate,gps,KV gate Location (GPS).zip,385170a068c2cb198fffb759b3610b32ce7210a31e6911cde552636f6c86f953,2026-09-26 20:16:23.752000093+05:30,2026-09-26 20:16:49.039999962+05:30,vivo V2545,16,1.2.1,tdk icm42607_acc
kv_gate,incl,KV gate Inclination.zip,2712794170b7796d5978df40e8e43101c81208e4b1d56b4ad8fcf9c4e5b05241,2026-09-26 20:17:21.068000078+05:30,2026-09-26 20:17:43.773000002+05:30,vivo V2545,16,1.2.1,tdk icm42607_acc
core_4,accel,Core 4 Acceleration (without g).zip,2722227d77afdf0157f1e99f1e8cf5284c0f62c92b8c32784130be42aa3d6682,2026-09-26 20:21:40.707999945+05:30,2026-09-26 20:25:04.875000+05:30,vivo V2545,16,1.2.1,tdk icm42607_acc
core_4,gps,Core 4 Location (GPS).zip,1728c8499109e79aafd7c909a6e92e0e9583b199f20466f60841229920924cc8,2026-09-26 20:25:39.397000074+05:30,2026-09-26 20:26:07.065999985+05:30,vivo V2545,16,1.2.1,tdk icm42607_acc
core_4,incl,Core 4  Inclination.zip,be8515227a4ba4563d427014fc546288ad4f56588dc527861c82a0446d7cb387,2026-09-26 20:26:47.361999989+05:30,2026-09-26 20:27:09.987999916+05:30,vivo V2545,16,1.2.1,tdk icm42607_acc
lecture_hall_lake,accel,Lecture Hall lake Acceleration (without g).zip,cd87ae1e5f7259bffac62eb6a1bb06969ee144c606cd99319cd3853e8b1316f0,2026-09-26 20:34:13.282999992+05:30,2026-09-26 20:37:40.239000082+05:30,vivo V2545,16,1.2.1,tdk icm42607_acc
lecture_hall_lake,gps,Lecture hall lake ocation (GPS).zip,afe7fa29104e57e5673cfe98dd139b93c13c0d51ea238589e1f4ea0ca023ead3,2026-09-26 20:38:19.423000097+05:30,2026-09-26 20:38:45.440000057+05:30,vivo V2545,16,1.2.1,tdk icm42607_acc
lecture_hall_lake,incl,Lecture hall lake Inclination.zip,f3315ad242c7697adaa08e3ac6a4bccbd3360cd5e92bcc8ca7a136fec3593d84,2026-09-26 20:39:12.966000080+05:30,2026-09-26 20:39:36.405999899+05:30,vivo V2545,16,1.2.1,tdk icm42607_acc
barak_umium,accel,Barak Umium Acceleration (without g).zip,437a603e85e8c56d5c2d6bd4bb234d2ab5d1ecba76291b46424afcb9f9582eaa,2026-09-26 22:43:53.380000114+05:30,2026-09-26 22:46:59.732000113+05:30,vivo V2545,16,1.2.1,tdk icm42607_acc
barak_umium,gps,Barak Umium Location (GPS).zip,ae45c97155fcea07faa2a11dd11bc9542e92273c7144ed06fbb2d06f892822aa,2026-09-26 22:47:31.872999907+05:30,2026-09-26 22:48:19.678999901+05:30,vivo V2545,16,1.2.1,tdk icm42607_acc
barak_umium,incl,Barak Umium Inclination.zip,4703665905505eb18fe3b1896a5871e0297a33ab98a897f00a06b4347078f573,2026-09-26 22:48:48.898000002+05:30,2026-09-26 22:49:12.135999918+05:30,vivo V2545,16,1.2.1,tdk icm42607_acc
